Date,총거래물량,총거래금액,평균단가,평균단가 편차,지역,작물명
2020-01-01,2780377.6500000004,9830108400,3535.5299306193165,22452.54219197693,서울,애호박
2020-02-01,2720669.88,9024401700,3316.9778392959606,22671.09428330029,서울,애호박
2020-03-01,3739541.28,9722242800,2599.84903816866,23388.223084427587,서울,애호박
2020-04-01,5703989.949999999,7969557560,1397.189972257928,24590.88215033832,서울,애호박
2020-05-01,5487463.43,7107073600,1295.1473282073428,24692.924794388902,서울,애호박
2020-06-01,5435012.79,6912510040,1271.847980324624,24716.224142271625,서울,애호박
2020-07-01,4369081.64,6969965000,1595.2929183534325,24392.77920424281,서울,애호박
2020-08-01,3399364.19,10140301900,2982.999564986298,23005.07255760995,서울,애호박
2020-09-01,4424172.16,13495784500,3050.4654909270075,22937.60663166924,서울,애호박
2020-10-01,5212849.56,6208943600,1191.0843634628122,24796.98775913344,서울,애호박
2020-11-01,4236717.58,6075622000,1434.0398870769195,24554.032235519328,서울,애호박
2020-12-01,3592812.1899999995,8326873300,2317.647808915946,23670.4243136803,서울,애호박
2021-01-01,2515752.2800000003,9552292700,3796.9925639896464,23440.515027395784,서울,애호박
2021-02-01,2784898.8,9301821850,3340.093309674305,23897.414281711124,서울,애호박
2021-03-01,3687099.34,9773525250,2650.735537274675,24586.77205411076,서울,애호박
2021-04-01,5199504.12,8397347080,1615.0284500591952,25622.47914132624,서울,애호박
2021-05-01,4877778.4,8370913570,1716.1324036368687,25521.375187748563,서울,애호박
2021-06-01,4793488.4,7282610250,1519.2714871282467,25718.236104257183,서울,애호박
2021-07-01,4644589.35,4126580450,888.4704629484629,26349.03712843697,서울,애호박
2021-08-01,3756797.22,6405382590,1705.011533734046,25532.496057651384,서울,애호박
2021-09-01,4588209.55,9799784380,2135.8624258998807,25101.64516548555,서울,애호박
2021-10-01,3629822.45,8101611660,2231.958111339578,25005.54948004585,서울,애호박
2021-11-01,3600907.58,8648078750,2401.6386307809653,24835.868960604465,서울,애호박
2021-12-01,2095295.27,6781030640,3236.312674919559,24001.19491646588,서울,애호박
2022-01-01,2826074.21,11059930100,3913.5313789229904,24810.29756910433,서울,애호박
2022-02-01,2675632.47,7577148150,2831.909178467998,25891.91976955932,서울,애호박
2022-03-01,3778510.270000001,10212341280,2702.7427611041003,26021.086186923218,서울,애호박
2022-04-01,5333956.87,8716659530,1634.1826044798895,27089.64634354743,서울,애호박
2022-05-01,5463470.8,7274140350,1331.4137873675468,27392.415160659773,서울,애호박
2022-06-01,4157530.7,7551977950,1816.457530908912,26907.371417118407,서울,애호박
2022-07-01,3881636.81,8484135865,2185.710894729484,26538.11805329784,서울,애호박
2022-08-01,3531789.62,11855329140,3356.748395449444,25367.080552577874,서울,애호박
2022-09-01,4373461.659999999,12098845400,2766.4231084170524,25957.405839610263,서울,애호박
2022-10-01,4230645.5,8675414400,2050.612465639109,26673.21648238821,서울,애호박
2022-11-01,4390622.58,6394509650,1456.4015771084564,27267.427370918864,서울,애호박
2022-12-01,3148367.93,8430369900,2677.6952654323345,26046.133682594984,서울,애호박
2023-01-01,2547523.26,9917351050,3892.938371051419,16891.48572337793,서울,애호박
2023-02-01,2291128.46,9745524250,4253.59137217474,16530.832722254607,서울,애호박
2023-03-01,3499417.85,11626881000,3322.518629777236,17461.90546465211,서울,애호박
2023-04-01,4256007.569999999,9463875000,2223.650885094643,18560.773209334708,서울,애호박
2023-05-01,5031917.64,10053772750,1998.0002594001123,18786.42383502924,서울,애호박
2023-06-01,5310808.58,8540299650,1608.0978105974214,19176.326283831928,서울,애호박
2023-07-01,4200366.52,7128554702,1697.1268264465646,19087.297267982784,서울,애호박
2023-08-01,1069406.41,1912633300,1788.4999398872128,18995.924154542136,서울,애호박
2020-01-01,314022.5,1158346710,3688.737940752653,25041.342429759152,부산,애호박
2020-02-01,331341.0,1143201466,3450.2264011999723,25279.85396931184,부산,애호박
2020-03-01,435282.4,1220358529,2803.601820335488,25926.47855017632,부산,애호박
2020-04-01,607195.5,995696080,1639.8278313986186,27090.252539113186,부산,애호박
2020-05-01,644394.2,875168986,1358.1267273976086,27371.9536431142,부산,애호박
2020-06-01,556802.2,827896497,1486.8772016346202,27243.203168877186,부산,애호박
2020-07-01,517931.6,935421697,1806.071877058669,26924.008493453137,부산,애호박
2020-08-01,419775.4,1354083040,3225.7322368104465,25504.34813370136,부산,애호박
2020-09-01,425793.8000000001,1461229576,3431.77748478254,25298.302885729267,부산,애호박
2020-10-01,509824.0,787313146,1544.2841961147376,27185.796174397063,부산,애호박
2020-11-01,464924.7,829270587,1783.6664453405035,26946.413925171302,부산,애호박
2020-12-01,432768.8,1086747462,2511.1502076859515,26218.93016282585,부산,애호박
2021-01-01,289478.7,1177572900,4067.908623328763,26113.89155636072,부산,애호박
2021-02-01,338578.5,1155127980,3411.6991480557685,26770.10103163372,부산,애호박
2021-03-01,455159.7,1365005850,2998.960255048942,27182.839924640542,부산,애호박
2021-04-01,630508.1,1128403450,1789.6732016606925,28392.126978028795,부산,애호박
2021-05-01,590536.4,1076573750,1823.043846238776,28358.75633345071,부산,애호박
2021-06-01,503662.0,895714800,1778.4045649661875,28403.395614723297,부산,애호박
2021-07-01,753932.9,760043600,1008.1050979470454,29173.69508174244,부산,애호박
2021-08-01,550469.7,1062873200,1930.8477832658184,28250.95239642367,부산,애호박
2021-09-01,535294.5,1422833300,2658.038332170422,27523.761847519065,부산,애호박
2021-10-01,428466.3,1200484000,2801.816618949962,27379.983560739525,부산,애호박
2021-11-01,415082.8,1154668800,2781.7794425594125,27400.020737130075,부산,애호박
2021-12-01,262487.4,821985400,3131.523265497696,27050.27691419179,부산,애호박
2022-01-01,403176.8,1657922300,4112.147077907261,26061.932622873406,부산,애호박
2022-02-01,424483.4,1174968300,2767.995874514763,27406.0838262659,부산,애호박
2022-03-01,493467.1,1359360700,2754.71394141575,27419.365759364915,부산,애호박
2022-04-01,685485.4,1238553550,1806.8270308893525,28367.25266989132,부산,애호박
2022-05-01,779789.8999999999,1065922700,1366.9357605170317,28807.14394026363,부산,애호박
2022-06-01,573890.0,1121108250,1953.5246301556049,28220.55507062506,부산,애호박
2022-07-01,556571.1,1311566200,2356.511504100734,27817.56819667993,부산,애호박
2022-08-01,453300.3,1488700230,3284.136873503062,26889.9428272776,부산,애호박
2022-09-01,500642.5,1557952950,3111.9070993773003,27062.172601403363,부산,애호박
2022-10-01,528108.3,1236584150,2341.535154815783,27832.544545964884,부산,애호박
2022-11-01,581909.6,938807950,1613.3226707378603,28560.757030042805,부산,애호박
2022-12-01,403265.5,1090640450,2704.5220828461647,27469.5576179345,부산,애호박
2023-01-01,350412.7,1355232750,3867.533197284231,18429.89164332265,부산,애호박
2023-02-01,327964.8,1469923300,4481.954465845115,17815.470374761768,부산,애호박
2023-03-01,506890.7,1816002650,3582.6316205840826,18714.7932200228,부산,애호박
2023-04-01,628393.0,1508674950,2400.8462061162363,19896.57863449065,부산,애호박
2023-05-01,735803.6,1549257600,2105.53142170003,20191.893418906853,부산,애호박
2023-06-01,709416.0,1252341850,1765.3137933173202,20532.111047289563,부산,애호박
2023-07-01,589043.6000000001,1172076250,1989.7954073348728,20307.62943327201,부산,애호박
2023-08-01,132387.0,278518250,2103.8187284249966,20193.60611218189,부산,애호박
2020-01-01,810553.0,2032616500,2507.6910454960994,18213.930880555385,대구,애호박
2020-02-01,827334.0,1977870900,2390.655889882442,18330.966036169044,대구,애호박
2020-03-01,978456.0,1935109400,1977.7173424252087,18743.90458362628,대구,애호박
2020-04-01,1427859.0,1686934100,1181.4430556518537,19540.17887039963,대구,애호박
2020-05-01,1371680.0,1533032100,1117.6310072320075,19603.99091881948,대구,애호박
2020-06-01,1417036.0,1587006500,1119.9479053460886,19601.674020705395,대구,애호박
2020-07-01,1249719.0,1564919100,1252.216778331769,19469.40514771972,대구,애호박
2020-08-01,1036770.0,2592479800,2500.535123508589,18221.086802542894,대구,애호박
2020-09-01,1069058.0,2770102200,2591.1617517478003,18130.460174303684,대구,애호박
2020-10-01,1129309.0,1136481000,1006.3507861887224,19715.27113986276,대구,애호박
2020-11-01,876260.0,1108274200,1264.777805674115,19456.84412037737,대구,애호박
2020-12-01,967796.0,1753156100,1811.493434566789,18910.12849148469,대구,애호박
2021-01-01,872001.0,2386581700,2736.902480616421,19354.06580682319,대구,애호박
2021-02-01,927252.0,2252878300,2429.628946607826,19661.339340831782,대구,애호박
2021-03-01,1123990.0,2469825100,2197.372841395386,19893.595446044223,대구,애호박
2021-04-01,1512958.0,2032180800,1343.183882169895,20747.784405269715,대구,애호박
2021-05-01,1460342.0,1990295900,1362.8971158810743,20728.07117155853,대구,애호박
2021-06-01,1469426.0,1948376300,1325.9438039071038,20765.024483532507,대구,애호박
2021-07-01,1542884.0,1076610500,697.7909551204109,21393.1773323192,대구,애호박
2021-08-01,1098404.0,1634272900,1487.8613879774657,20603.106899462146,대구,애호박
2021-09-01,1231269.0,2386986100,1938.638997652016,20152.329289787594,대구,애호박
2021-10-01,796739.0,1629569718,2045.2992987665973,20045.668988673013,대구,애호박
2021-11-01,932316.0,1926812500,2066.694661466713,20024.27362597289,대구,애호박
2021-12-01,625977.0,1539123400,2458.7539158786985,19632.21437156092,대구,애호박
2022-01-01,912350.0,2613390400,2864.460349646517,19957.98072994506,대구,애호박
2022-02-01,969204.0,1819603100,1877.4201303337584,20945.02094925781,대구,애호박
2022-03-01,1310166.0,2737053600,2089.0891688534125,20733.35191073816,대구,애호박
2022-04-01,1435586.0,1935425400,1348.1779565975148,21474.26312299406,대구,애호박
2022-05-01,1823389.0,1962061500,1076.0520656864771,21746.3890139051,대구,애호박
2022-06-01,1262164.0,1958484100,1551.6874986134924,21270.75358097808,대구,애호박
2022-07-01,1102327.0,2001091600,1815.3339254141465,21007.10715417743,대구,애호박
2022-08-01,914931.0,2512438900,2746.0419419606505,20076.399137630924,대구,애호박
2022-09-01,1029232.0,2432488800,2363.401837486592,20459.039242104984,대구,애호박
2022-10-01,943872.0,1669333900,1768.6019926430702,21053.839086948505,대구,애호박
2022-11-01,992662.0,1241497700,1250.6751542821223,21571.765925309453,대구,애호박
2022-12-01,859940.0,1781364900,2071.499058073819,20750.94202151776,대구,애호박
2023-01-01,914512.0,2363941900,2584.9216850079606,14436.027057473271,대구,애호박
2023-02-01,728180.0,2279939600,3131.011013760334,13889.9377287209,대구,애호박
2023-03-01,1071186.0,2898352700,2705.7417666026254,14315.206975878607,대구,애호박
2023-04-01,1158282.0,2208171700,1906.419766516272,15114.52897596496,대구,애호박
2023-05-01,1351514.0,2388209200,1767.0621244027068,15253.886618078526,대구,애호박
2023-06-01,1175960.0,1872229600,1592.0861253784142,15428.86261710282,대구,애호박
2023-07-01,970014.0,1645380700,1696.244281010377,15324.704461470856,대구,애호박
2023-08-01,283402.0,464060000,1637.461979802542,15383.48676267869,대구,애호박
2020-01-01,430426.0,1337955110,3108.4439834024897,20480.40870791649,대전,애호박
2020-02-01,406261.0,1228049490,3022.809203935401,20729.659259311346,대전,애호박
2020-03-01,520843.0,1246237300,2392.7312069088,21349.93107859884,대전,애호박
2020-04-01,615618.0,884077957,1436.082046009051,22478.016490993952,대전,애호박
2020-05-01,631163.0,818889984,1297.4302739545883,22684.5411481131,대전,애호박
2020-06-01,623977.0,715574424,1146.7961543454326,22566.38325024098,대전,애호박
2020-07-01,554574.0,806098452,1453.5453375022992,22294.514574937108,대전,애호박
2020-08-01,401571.0,1112157900,2769.5174701360406,20882.55732989888,대전,애호박
2020-09-01,463269.0,1232979303,2661.4759524164147,20677.475727029432,대전,애호박
2020-10-01,485244.0,526468105,1084.9554141833798,22650.365103106466,대전,애호박
2020-11-01,505340.0,733375845,1451.2523152728857,22442.884367456885,대전,애호박
2020-12-01,451771.0,946171300,2094.3604171139805,21695.092756469363,대전,애호박
2021-01-01,304294.0,1139783000,3745.663733100225,23751.290652348536,대전,애호박
2021-02-01,353502.0,1121350300,3172.1186867401034,24178.954170643377,대전,애호박
2021-03-01,470872.0,1277947300,2714.001469613823,24737.611904220925,대전,애호박
2021-04-01,497880.0,844059300,1695.3067004097372,25781.748641882445,대전,애호박
2021-05-01,429576.0,756977050,1762.149305361566,25752.51471330993,대전,애호박
2021-06-01,410665.0,639144007,1556.3634763128098,25921.852316265475,대전,애호박
2021-07-01,435521.0,385714890,885.6401643089541,26531.42683032871,대전,애호박
2021-08-01,278014.0,514594548,1850.966311049084,25417.621413654462,대전,애호박
2021-09-01,407117.0,951951571,2338.2751665983,24870.28770912813,대전,애호박
2021-10-01,310056.0,701738900,2263.2650230926024,24990.704471386,대전,애호박
2021-11-01,360056.0,889418300,2470.2221321127827,24871.257133310388,대전,애호박
2021-12-01,248504.0,728471500,2931.4276631362072,24284.57307398945,대전,애호박
2022-01-01,332482.0,1296292800,3898.8360272135033,24981.16845125312,대전,애호박
2022-02-01,327074.0,894418200,2734.605012932853,26148.32092472221,대전,애호박
2022-03-01,435242.0,1159167400,2663.271007853102,26117.00860438659,대전,애호박
2022-04-01,544394.0,936057400,1719.4484142000097,27219.24359755366,대전,애호박
2022-05-01,606272.0,822474400,1356.6095745803864,27573.83537945091,대전,애호박
2022-06-01,421396.0,812966600,1929.2223941375807,27119.65266058141,대전,애호박
2022-07-01,341994.0,779220760,2278.463247893238,26783.100657847124,대전,애호박
2022-08-01,301412.5,1046903268,3473.323992866918,25386.353965312457,대전,애호박
2022-09-01,400199.5,1104257134,2759.2666507579343,26021.782454473618,대전,애호박
2022-10-01,365177.0,698878900,1913.8086462181352,26859.658469777896,대전,애호박
2022-11-01,426864.0,636234720,1490.4857753289104,27456.621286443835,대전,애호박
2022-12-01,364008.0,947638507,2603.345275378563,26166.63492714956,대전,애호박
2023-01-01,317646.0,1164150400,3664.930142359734,17387.02315392155,대전,애호박
2023-02-01,270535.0,1150992900,4254.506440941098,16707.345145617714,대전,애호박
2023-03-01,396743.0,1353891000,3412.51389438503,17669.421068570362,대전,애호박
2023-04-01,483886.0,1135657810,2346.95322865303,18771.22249045916,대전,애호박
2023-05-01,559360.0,1081096100,1932.7375929633868,19122.572554532133,대전,애호박
2023-06-01,480428.0,844559542,1757.9315568617983,19386.123616468525,대전,애호박
2023-07-01,390661.0,739138232,1892.019505402382,19152.88651508973,대전,애호박
2023-08-01,101568.0,181310680,1785.1161783238815,19394.29658183744,대전,애호박
2020-01-01,478129.0,1644281360,3438.991067264274,22661.97644083204,광주,애호박
2020-02-01,451781.0,1441064160,3189.7405158694146,22911.22699222689,광주,애호박
2020-03-01,587348.0,1509172300,2569.468696581924,23531.498811514382,광주,애호박
2020-04-01,800667.0,1154068030,1441.3832841868093,24659.584223909496,광주,애호박
2020-05-01,759615.0,938017136,1234.8586270676592,24866.10888102865,광주,애호박
2020-06-01,715343.0,967870900,1353.0165249397842,24747.950983156523,광주,애호박
2020-07-01,545036.0,885620930,1624.8852002436536,24476.08230785265,광주,애호박
2020-08-01,456631.2,1386717010,3036.8424452818817,23064.125062814423,광주,애호박
2020-09-01,448876.5,1455223520,3241.924048151329,22859.043459944976,광주,애호박
2020-10-01,549347.0,697140390,1269.0346720742991,24831.93283602201,광주,애호박
2020-11-01,534602.0,789348090,1476.515407723877,24624.45210037243,광주,애호박
2020-12-01,503383.0,1119678340,2224.3070187113985,23876.660489384907,광주,애호박
2021-01-01,426124.0,1548581140,3634.109179487661,23900.845772078865,광주,애호박
2021-02-01,438692.0,1406642060,3206.4456611928185,24328.509290373702,광주,애호박
2021-03-01,645440.0,1708988240,2647.7879276152703,24887.167023951253,광주,애호박
2021-04-01,740575.0,1187623980,1603.6511899537522,25931.303761612773,광주,애호박
2021-05-01,707860.0,1155854060,1632.8851185262622,25902.069833040263,광주,애호박
2021-06-01,653470.0,956384395,1463.5475155707225,26071.407435995803,광주,애호박
2021-07-01,557883.0,476417020,853.9730015074846,26680.98195005904,광주,애호박
2021-08-01,433754.0,853531760,1967.7784181817344,25567.17653338479,광주,애호박
2021-09-01,457802.0,1151423360,2515.1121227080703,25019.84282885845,광주,애호박
2021-10-01,388098.0,929376480,2394.6953604501955,25140.25959111633,광주,애호박
2021-11-01,422401.0,1061976390,2514.142698525809,25020.81225304072,광주,애호박
2021-12-01,296556.0,919568780,3100.826757846747,24434.12819371978,광주,애호박
2022-01-01,397567.0,1526465481,3839.517568108017,24175.333285273224,광주,애호박
2022-02-01,381397.0,1019232030,2672.36509463892,25342.48575874232,광주,애호박
2022-03-01,603878.0,1632691310,2703.677414974548,25311.17343840669,광주,애호박
2022-04-01,756658.0,1211744220,1601.4424218074744,26413.408431573767,광주,애호박
2022-05-01,880436.0,1097772190,1246.8506399102264,26768.000213471016,광주,애호박
2022-06-01,694270.0,1180976430,1701.0333587797254,26313.81749460152,광주,애호박
2022-07-01,584514.0,1190997170,2037.58536151401,25977.26549186723,광주,애호박
2022-08-01,417290.5,1433114140,3434.3320540486784,24580.518799332564,광주,애호박
2022-09-01,536174.0,1500699320,2798.903564887518,25215.947288493724,광주,애호박
2022-10-01,615581.0,1207171300,1961.0275495832395,26053.823303798003,광주,애호박
2022-11-01,654273.0,892470725,1364.0647329172991,26650.78612046394,광주,애호박
2022-12-01,504069.0,1337824880,2654.0510922115823,25360.79976116966,광주,애호박
2023-01-01,465491.0,1703550610,3659.6853859687935,17123.091806657343,광주,애호박
2023-02-01,417574.0,1812005330,4339.363394272632,16443.413798353504,광주,애호박
2023-03-01,640690.0,2163794310,3377.287471319983,17405.489721306156,광주,애호박
2023-04-01,669901.0,1524350380,2275.4860494311847,18507.291143194954,광주,애호박
2023-05-01,778047.0,1497068231,1924.135985358211,18858.641207267927,광주,애호박
2023-06-01,779726.0,1294801240,1660.5849234218174,19122.19226920432,광주,애호박
2023-07-01,612001.0,1159020973,1893.822024800613,18888.955167825523,광주,애호박
2023-08-01,159725.0,263931500,1652.4119580529034,19130.36523457324,광주,애호박
2020-01-01,4813508.15,16003308080,3324.666247838388,-1372.6737629937743,전국,애호박
2020-02-01,4737386.88,14814587716,3127.1644244516506,-1175.1719396070373,전국,애호박
2020-03-01,6261470.68,15633120329,2496.7170059478744,-544.7245211032612,전국,애호박
2020-04-01,9155329.45,12690333727,1386.114371558743,565.8781132858703,전국,애호박
2020-05-01,8894315.629999999,11272181806,1267.3467273839035,684.6457574607098,전국,애호박
2020-06-01,8748170.99,11010858361,1258.6469072891316,693.3455775554817,전국,애호박
2020-07-01,7236342.239999999,11162025179,1542.495477521804,409.4970073228092,전국,애호박
2020-08-01,5714111.79,16585739650,2902.592784240925,-950.6002993963118,전국,애호박
2020-09-01,6831169.46,20415319099,2988.554041667706,-1036.5615568230926,전국,애호박
2020-10-01,7886573.56,9356346241,1186.3639094745222,765.6285753700911,전국,애호박
2020-11-01,6617844.28,9535890722,1440.9360992096356,511.0563856349777,전국,애호박
2020-12-01,5948530.989999999,13232626502,2224.5200578504514,-272.5275730058381,전국,애호박
2021-01-01,4407649.98,15804811440,3585.768269194551,-1533.9131244154933,전국,애호박
2021-02-01,4842923.3,15237820490,3146.409626185903,-1094.5544814068453,전국,애호박
2021-03-01,6382561.04,16595291740,2600.099182130188,-548.2440373511304,전국,애호박
2021-04-01,8581425.219999999,13589614610,1583.608114224178,468.24703055487976,전국,애호박
2021-05-01,8066092.800000001,13350614330,1655.1525826729887,396.7025621060691,전국,애호박
2021-06-01,7830711.4,11722229752,1496.9559153974185,554.8992293816393,전국,애호박
2021-07-01,7934810.25,6825366460,860.1801738107096,1191.674970968348,전국,애호박
2021-08-01,6117438.92,10470654998,1711.6076081720812,340.2475366069766,전국,애호박
2021-09-01,7219692.05,15712978711,2176.405669685039,-124.55052490598108,전국,애호박
2021-10-01,5553181.75,12562780758,2262.2671692674203,-210.41202448836248,전국,애호박
2021-11-01,5730763.38,13680954740,2387.2831301577835,-335.4279853787257,전국,애호박
2021-12-01,3528819.67,10790179720,3057.7305527204794,-1005.8754079414216,전국,애호박
2022-01-01,4871650.01,18154001081,3726.458395766407,-1533.6236008737433,전국,애호박
2022-02-01,4777790.87,12485369780,2613.2097698951816,-420.37497500251766,전국,애호박
2022-03-01,6621263.370000001,17100614290,2582.6814815251787,-389.8466866325148,전국,애호박
2022-04-01,8756080.27,14038440100,1603.2790549098063,589.5557399828576,전국,애호박
2022-05-01,9553357.7,12222371140,1279.3796195865252,913.4551753061388,전국,애호박
2022-06-01,7109250.7,12625513330,1775.9274307206524,416.9073641720115,전국,애호박
2022-07-01,6467042.91,13767011595,2128.7954613246875,64.03933356797643,전국,애호박
2022-08-01,5618723.92,18336485678,3263.4608745823552,-1070.626079689691,전국,애호박
2022-09-01,6839709.659999999,18694243604,2733.19256712426,-540.3577722315963,전국,애호박
2022-10-01,6683383.8,13487382650,2018.047003375745,174.787791516919,전국,애호박
2022-11-01,7046331.18,10103520745,1433.86969571873,758.9650991739338,전국,애호박
2022-12-01,5279650.43,13587838637,2573.6246778368622,-380.7898829441983,전국,애호박
2023-01-01,4595584.96,16504226710,3591.3222916457626,-1184.8381010211249,전국,애호박
2023-02-01,4035382.26,16458385380,4078.5195353463246,-1672.035344721687,전국,애호박
2023-03-01,6114927.550000001,19858921660,3247.613564939129,-841.1293743144911,전국,애호박
2023-04-01,7196469.569999999,15840729840,2201.1806881023194,205.30350252231847,전국,애호박
2023-05-01,8456642.239999998,16569403881,1959.336035598924,447.148155025714,전국,애호박
2023-06-01,8456338.58,13804231882,1632.4123911793513,774.0717994452866,전국,애호박
2023-07-01,6762086.119999999,11844170857,1751.5557546611076,654.9284359635303,전국,애호박
2023-08-01,1746488.41,3100453730,1775.2501031484087,631.2340874762292,전국,애호박
2020-01-01,2720.0,3808000,1400.0,75.2125910554737,서울,오이
2020-02-01,1340.0,3515000,2623.134328358209,-1147.9217373027354,서울,오이
2020-03-01,1300.0,1400000,1076.923076923077,398.2895141323968,서울,오이
2020-04-01,840.0,705500,839.8809523809524,635.3316386745213,서울,오이
2020-05-01,4320.0,2747000,635.8796296296297,839.332961425844,서울,오이
2020-06-01,122180.0,154551500,1264.94925519725,210.26333585822363,서울,오이
2020-07-01,187830.0,166273500,885.2339881808018,589.9786028746719,서울,오이
2020-08-01,153645.0,309458000,2014.110449412607,-538.8978583571334,서울,오이
2020-09-01,202482.0,446301000,2204.151480131567,-728.9388890760933,서울,오이
2020-10-01,120148.0,90803000,755.75956320538,719.4530278500937,서울,오이
2020-11-01,14870.0,17918500,1205.0100874243444,270.2025036311293,서울,오이
2020-12-01,330.0,399000,1209.090909090909,266.1216819645647,서울,오이
2021-01-01,0.0,0,0.0,1380.5948694245435,서울,오이
2021-02-01,230.0,211000,917.391304347826,463.2035650767175,서울,오이
2021-03-01,1345.0,2241500,1666.542750929368,-285.9478815048244,서울,오이
2021-04-01,4421.0,9596800,2170.7306039357613,-790.1357345112178,서울,오이
2021-05-01,30569.0,58597800,1916.902744610553,-536.3078751860096,서울,오이
2021-06-01,142651.0,189035900,1325.1635109462954,55.43135847824806,서울,오이
2021-07-01,278929.0,323522000,1159.872225548437,220.72264387610653,서울,오이
2021-08-01,255150.0,310796500,1218.0932784636489,162.50159096089465,서울,오이
2021-09-01,261648.0,377483000,1442.713110744206,-62.1182413196625,서울,오이
2021-10-01,81372.0,139907500,1719.3567812023791,-338.7619117778356,서울,오이
2021-11-01,22565.0,75779500,3358.276091291824,-1977.6812218672803,서울,오이
2021-12-01,2870.0,6287000,2190.5923344947737,-809.9974650702302,서울,오이
2022-01-01,13090.0,27531000,2103.2085561497324,-288.4931005536473,서울,오이
2022-02-01,10530.0,24209500,2299.097815764482,-484.3823601683971,서울,오이
2022-03-01,14140.0,25811000,1825.388967468176,-10.673511872090558,서울,오이
2022-04-01,15530.0,27518500,1771.9575016097874,42.75795398629771,서울,오이
2022-05-01,24620.0,33193500,1348.2331437855405,466.4823118105446,서울,오이
2022-06-01,66580.0,90292000,1356.1429858816462,458.57246971443897,서울,오이
2022-07-01,140685.0,347148500,2467.55873049721,-652.8432749011249,서울,오이
2022-08-01,178810.0,445379000,2490.7946982830936,-676.0792426870084,서울,오이
2022-09-01,269573.0,392509500,1456.0415917024332,358.673863893652,서울,오이
2022-10-01,131440.0,173065500,1316.688222763238,498.0272328328472,서울,오이
2022-11-01,21050.0,21267000,1010.3087885985748,804.4066669975103,서울,오이
2022-12-01,0.0,0,0.0,1814.715455596085,서울,오이
2023-01-01,3430.0,9907000,2888.338192419825,-1360.2632711219908,서울,오이
2023-02-01,1160.0,3318000,2860.344827586207,-1332.2699062883726,서울,오이
2023-03-01,857.0,2386000,2784.1306884480746,-1256.0557671502402,서울,오이
2023-04-01,70.0,126000,1800.0,-271.9250787021656,서울,오이
2023-05-01,23660.0,32051000,1354.6491969568892,173.42572434094518,서울,오이
2023-06-01,96620.0,103810000,1074.415234941006,453.6596863568284,서울,오이
2023-07-01,130450.0,239770000,1838.022230739747,-309.9473094419127,서울,오이
2023-08-01,59818.0,91603000,1531.361797452272,-3.28687615443755,서울,오이
2020-01-01,430514.0,1513741950,3516.127117817307,-2034.8214896762647,부산,오이
2020-02-01,499632.4,1480696080,2963.5709773825715,-1482.26534924153,부산,오이
2020-03-01,1039380.0,1655135842,1592.4261020993283,-111.12047395828677,부산,오이
2020-04-01,1414751.0,1578872900,1116.0076225427654,365.2980055982762,부산,오이
2020-05-01,1493296.4,1579825300,1057.9448929227983,423.3607352182432,부산,오이
2020-06-01,1508721.0,1499239030,993.7152263407218,487.5904018003198,부산,오이
2020-07-01,1328223.9,1457981160,1097.6923092559923,383.6133188850493,부산,오이
2020-08-01,1541879.6,2904709132,1883.8754543480568,-402.5698262070152,부산,오이
2020-09-01,1073186.7,2299521744,2142.7042880796043,-661.3986599385628,부산,오이
2020-10-01,1162562.8,1060746380,912.4207139605704,568.8849141804711,부산,오이
2020-11-01,836546.6,958323708,1145.571218626673,335.7344095143685,부산,오이
2020-12-01,602227.1,1165853569,1935.9035304123645,-454.5979022713229,부산,오이
2021-01-01,375345.0,1325733600,3532.04012308676,-1864.4853468244285,부산,오이
2021-02-01,413757.4,1243290515,3004.8780154747683,-1337.3232392124366,부산,오이
2021-03-01,865938.5,1850698140,2137.2166037195484,-469.6618274572168,부산,오이
2021-04-01,1123413.0,1723155560,1533.8575928888129,133.69718337351878,부산,오이
2021-05-01,1126638.0,1538783200,1365.818656924407,301.7361193379247,부산,오이
2021-06-01,1097639.0,1277834500,1164.16645181157,503.3883244507617,부산,오이
2021-07-01,1597561.4,1703012400,1066.0074786483951,601.5472976139365,부산,오이
2021-08-01,1577244.7,1971361600,1249.876826341531,417.6779499208008,부산,오이
2021-09-01,1017393.5,1636683500,1608.702532500945,58.85224376138672,부산,오이
2021-10-01,798115.0,1560367850,1955.0664377940525,-287.51166153172085,부산,오이
2021-11-01,509717.0,1353172600,2654.752735341376,-987.1979590790444,부산,오이
2021-12-01,333980.0,886768250,2655.15375172166,-987.598975459328,부산,오이
2022-01-01,489412.0,1583383470,3235.2771693378995,-1383.7607298618568,부산,오이
2022-02-01,425807.0,1170863780,2749.7523056220307,-898.235866145988,부산,오이
2022-03-01,737447.6,1960240850,2658.1425581966773,-806.6261187206346,부산,오이
2022-04-01,1132300.0,1865918000,1647.9007330212842,203.6157064547585,부산,오이
2022-05-01,1463853.0,1789004900,1222.120595442302,629.3958440337408,부산,오이
2022-06-01,1213554.0,1744909300,1437.8505612440815,413.6658782319612,부산,오이
2022-07-01,1135501.0,2894648472,2549.2258236672624,-697.7093841912197,부산,오이
2022-08-01,1420611.0,2665724000,1876.463014857692,-24.946575381648927,부산,오이
2022-09-01,1025824.8,1565229300,1525.825170146013,325.6912693300296,부산,오이
2022-10-01,1060063.0,1479087900,1395.283016198094,456.2334232779488,부산,오이
2022-11-01,845492.0,1056072350,1249.062498521571,602.4539409544718,부산,오이
2022-12-01,527897.0,1476183450,2796.3474882410774,-944.8310487650348,부산,오이
2023-01-01,392630.9,1670488600,4254.602987182109,-2283.6205983593272,부산,오이
2023-02-01,384482.3,1713466250,4456.554306921281,-2485.571918098499,부산,오이
2023-03-01,777951.0,2297217200,2952.907316784733,-981.9249279619514,부산,오이
2023-04-01,1090540.1,2174104900,1993.603811542556,-22.62142271977428,부산,오이
2023-05-01,1431614.4,1966951200,1373.939239504716,597.0431493180658,부산,오이
2023-06-01,1396719.7,1781727600,1275.6515140439417,695.3308747788401,부산,오이
2023-07-01,1318353.1,2037195700,1545.2580192666137,425.7243695561681,부산,오이
2023-08-01,544861.4,820247700,1505.4244987807908,465.55789004199096,부산,오이
2020-01-01,524933.0,1848774900,3521.9254647736,-2057.315712011745,대구,오이
2020-02-01,621683.0,1826397600,2937.8277996985603,-1473.218046936705,대구,오이
2020-03-01,1336225.0,2235324800,1672.865572789014,-208.2558200271588,대구,오이
2020-04-01,2075460.0,2355010800,1134.693417362898,329.9163353989575,대구,오이
2020-05-01,2256223.0,2304184700,1021.2575175414842,443.3522352203712,대구,오이
2020-06-01,2660200.0,2839547355,1067.4187485903317,397.1910041715237,대구,오이
2020-07-01,2241124.0,2427887600,1083.3347909352628,381.2749618265925,대구,오이
2020-08-01,2185106.0,4267180800,1952.848420168175,-488.2386674063196,대구,오이
2020-09-01,1840035.0,3703494300,2012.7303556725824,-548.120602910727,대구,오이
2020-10-01,1605197.0,1354271800,843.679498528841,620.9302542330144,대구,오이
2020-11-01,949930.0,1219439700,1283.715326392471,180.8944263693843,대구,오이
2020-12-01,648938.0,1365596500,2104.355886078485,-639.7461333166298,대구,오이
2021-01-01,452529.0,1603418700,3543.23965977871,-1940.686271459466,대구,오이
2021-02-01,554724.5,1597133300,2879.146855781564,-1276.5934674623202,대구,오이
2021-03-01,1123442.0,2510320400,2234.4904320828314,-631.9370437635873,대구,오이
2021-04-01,1800240.0,2723120900,1512.643258676621,89.91012964262313,대구,오이
2021-05-01,1939630.0,2717811300,1401.2008991405578,201.35248917868623,대구,오이
2021-06-01,2504760.0,2719337800,1085.6680081125537,516.8853802066903,대구,오이
2021-07-01,2634043.0,2823297100,1071.8492826426902,530.7041056765538,대구,오이
2021-08-01,2092257.0,2785616700,1331.3931797097584,271.1602086094856,대구,오이
2021-09-01,1838280.0,2647653100,1440.288258589551,162.26512972969294,대구,오이
2021-10-01,1340979.0,2517038400,1877.015523733034,-274.46213541378984,대구,오이
2021-11-01,787184.0,2182878800,2773.022317526779,-1170.4689292075348,대구,오이
2021-12-01,395981.0,1159445200,2928.032405595218,-1325.4790172759738,대구,오이
2022-01-01,543760.0,1797218000,3305.167721053406,-1468.482736552079,대구,오이
2022-02-01,667957.0,1812310300,2713.214024256052,-876.5290397547253,대구,오이
2022-03-01,1124290.0,3080216600,2739.6993658219853,-903.0143813206583,대구,오이
2022-04-01,1721450.0,2860064600,1661.4276336809085,175.25735082041842,대구,오이
2022-05-01,2618580.0,3049857000,1164.69880622322,671.986178278107,대구,오이
2022-06-01,2181380.0,3248548500,1489.2171469436778,347.4678375576491,대구,오이
2022-07-01,1840156.0,4914988700,2670.963059653638,-834.2780751523112,대구,오이
2022-08-01,1999287.0,3982367200,1991.8937101076533,-155.20872560632642,대구,오이
2022-09-01,1812400.0,2473108900,1364.5491613330391,472.1358231682877,대구,오이
2022-10-01,1549407.0,2126171600,1372.2486086612491,464.43637584007774,대구,오이
2022-11-01,1013982.0,1284172700,1266.4649865579468,570.2199979433801,대구,오이
2022-12-01,612574.5,1853160350,3025.1999552707466,-1188.5149707694195,대구,오이
2023-01-01,440599.3,2032086240,4612.095933879151,-2691.034202125774,대구,오이
2023-02-01,436509.0,1995740900,4572.049831733138,-2650.9880999797606,대구,오이
2023-03-01,1001660.0,3161332500,3156.093384980932,-1235.0316532275551,대구,오이
2023-04-01,1497508.0,3021924400,2017.968785475604,-96.90705372222668,대구,오이
2023-05-01,2287530.0,3083761400,1348.0747356318825,572.9869961214945,대구,오이
2023-06-01,2656008.0,3233615300,1217.471972975985,703.589758777392,대구,오이
2023-07-01,1989268.0,3405507100,1711.939819069125,209.12191268425204,대구,오이
2023-08-01,815690.0,1437406500,1762.197035638539,158.8646961148379,대구,오이
2020-01-01,0.0,0,0.0,-1493.6633927184791,대전,오이
2020-02-01,0.0,0,0.0,-1087.4193076120962,대전,오이
2020-03-01,1520.0,2064200,1358.0263157894738,-475.7711477574185,대전,오이
2020-04-01,975.0,812500,833.3333333333334,207.8382091462832,대전,오이
2020-05-01,3460.0,3405100,984.1329479768788,529.2603776982912,대전,오이
2020-06-01,13240.0,14022950,1059.1351963746224,333.19248723750366,대전,오이
2020-07-01,21815.0,20739076,950.6796241118496,657.6412825198043,대전,오이
2020-08-01,33880.0,60202545,1776.934622195986,33.82737903715429,대전,오이
2020-09-01,33230.0,69978050,2105.869696057779,-817.3773326405374,대전,오이
2020-10-01,13760.0,10961300,796.6061046511628,426.0734071214463,대전,오이
2020-11-01,70.0,75200,1074.2857142857142,463.7986384528463,대전,오이
2020-12-01,2720.0,6091100,2239.375,-139.4317940985825,대전,오이
2021-01-01,2020.0,6441300,3188.762376237624,-367.8155537873031,대전,오이
2021-02-01,2890.0,6406500,2216.782006920416,-2237.3361017325087,대전,오이
2021-03-01,3360.0,6902000,2054.1666666666665,-1429.875427575205,대전,오이
2021-04-01,8090.0,11232200,1388.4054388133495,-669.3135364118434,대전,오이
2021-05-01,7940.0,11174500,1407.367758186398,-518.6243230009873,대전,오이
2021-06-01,24420.0,26258820,1075.2997542997543,-83.38208591304328,대전,오이
2021-07-01,61650.0,57407850,931.1897810218978,365.06224873636506,대전,오이
2021-08-01,59917.0,67585700,1127.9887177261878,115.7147514981873,대전,오이
2021-09-01,58055.0,91121608,1569.573817931272,-314.5852141585442,대전,오이
2021-10-01,12740.0,16840500,1321.8602825745684,-1140.6807705245735,대전,오이
2021-11-01,2380.0,6039700,2537.6890756302523,-1831.2230806753528,대전,오이
2021-12-01,0.0,0,0.0,-860.6954767325085,대전,오이
2022-01-01,800.0,2559400,3199.25,-914.9760538637169,대전,오이
2022-02-01,460.0,1173400,2550.8695652173915,-228.1219080095707,대전,오이
2022-03-01,960.0,2264200,2358.5416666666665,-846.6103757816688,대전,오이
2022-04-01,3330.0,5209300,1564.3543543543544,-49.34398449543869,대전,오이
2022-05-01,4360.0,5109100,1171.8119266055046,465.7833622549974,대전,오이
2022-06-01,33150.0,51089000,1541.1463046757165,127.69554078901024,대전,오이
2022-07-01,39150.0,93915600,2398.8659003831417,-857.3688029333309,대전,오이
2022-08-01,69109.5,133859065,1936.9126531084728,-525.2561462572778,대전,오이
2022-09-01,87216.0,116235666,1332.7332828838746,-459.9286263813808,대전,오이
2022-10-01,33898.0,43221650,1275.050150451354,64.05179283896814,대전,오이
2022-11-01,3280.0,3787500,1154.7256097560976,321.9147024388044,대전,오이
2022-12-01,980.0,2726600,2782.244897959184,-662.7655212770371,대전,오이
2023-01-01,0.0,0,0.0,1334.9441262629282,대전,오이
2023-02-01,570.0,2740600,4808.070175438596,-2565.055873737072,대전,오이
2023-03-01,2690.0,7632800,2837.472118959108,-1866.8740555552536,대전,오이
2023-04-01,3600.0,6820000,1894.4444444444443,-1163.316500135282,대전,오이
2023-05-01,12510.0,14914800,1192.230215827338,-647.9499788317637,대전,오이
2023-06-01,38660.0,37119073,960.14156751164,-42.793565531601416,대전,오이
2023-07-01,47352.5,71571105,1511.4535663375746,14.648671262227026,대전,오이
2023-08-01,20070.0,26673700,1329.0333831589437,94.597843245773,대전,오이
2020-01-01,3760.0,11296800,3004.468085106383,-1697.0635377440558,광주,오이
2020-02-01,6250.0,16238900,2598.224,-1290.8194526376728,광주,오이
2020-03-01,11010.0,21872200,1986.5758401453224,-679.1712927829951,광주,오이
2020-04-01,19990.0,26046300,1302.9664832416208,4.4380641207064855,광주,오이
2020-05-01,16270.0,15969726,981.5443146896127,325.8602326727146,광주,오이
2020-06-01,46210.0,54417460,1177.6122051504003,129.792342211927,광주,오이
2020-07-01,81880.0,69857020,853.1634098680996,454.2411374942277,광주,오이
2020-08-01,72730.0,107420560,1476.9773133507497,-169.57276598842236,광주,오이
2020-09-01,26370.0,61394160,2328.1820250284413,-1020.777477666114,광주,오이
2020-10-01,39875.0,43253660,1084.7312852664577,222.67326209586963,광주,오이
2020-11-01,18170.0,19024100,1047.0060539350577,260.3984934272696,광주,오이
2020-12-01,2960.0,4884700,1650.2364864864865,-342.83193912415913,광주,오이
2021-01-01,1460.0,2380500,1630.4794520547946,-185.01143684041017,광주,오이
2021-02-01,60.0,210000,3500.0,-2054.531984785616,광주,오이
2021-03-01,4450.0,11981800,2692.5393258426966,-1247.0713106283122,광주,오이
2021-04-01,16840.0,32534500,1931.977434679335,-486.5094194649505,광주,오이
2021-05-01,20970.0,37353614,1781.2882212684788,-335.82020605409434,광주,오이
2021-06-01,35273.0,47479080,1346.0459841805348,99.42203103384963,광주,오이
2021-07-01,88510.0,79446722,897.6016495311264,547.866365683258,광주,오이
2021-08-01,88077.0,101019840,1146.9491467693042,298.5188684450802,광주,오이
2021-09-01,33800.0,53311020,1577.2491124260357,-131.78109721165129,광주,오이
2021-10-01,28230.0,67846420,2403.344668792065,-957.8766535776806,광주,오이
2021-11-01,13962.0,43196850,3093.886978942845,-1648.4189637284603,광주,오이
2021-12-01,3840.0,8153700,2123.359375,-677.8913597856156,광주,오이
2022-01-01,1540.0,3975700,2581.6233766233768,-611.4453180230978,광주,오이
2022-02-01,2600.0,4926400,1894.7692307692307,75.40882783104826,광주,오이
2022-03-01,6170.0,15506800,2513.257698541329,-543.0796399410499,광주,오이
2022-04-01,29910.0,51325300,1715.9913072550987,254.18675134518023,광주,오이
2022-05-01,36460.0,43783500,1200.8639605046626,769.3140980956164,광주,오이
2022-06-01,38160.0,58726400,1538.9517819706498,431.2262766296292,광주,오이
2022-07-01,86942.0,219443010,2524.016125692991,-553.838067092712,광주,오이
2022-08-01,95762.0,209901060,2191.903469016938,-221.7254104166589,광주,오이
2022-09-01,55998.0,119084000,2126.575949141041,-156.39789054076186,광주,오이
2022-10-01,55480.0,88912000,1602.595529920692,367.5825286795871,광주,오이
2022-11-01,18700.0,25146500,1344.7326203208556,625.4454382794233,광주,오이
2022-12-01,5450.0,12695300,2329.412844036697,-359.2347854364182,광주,오이
2023-01-01,0.0,0,0.0,1517.709928156752,광주,오이
2023-02-01,460.0,1794000,3900.0,-2382.2900718432484,광주,오이
2023-03-01,660.0,2113200,3201.818181818182,-1684.10825366143,광주,오이
2023-04-01,17880.0,44668900,2498.26062639821,-980.5506982414583,광주,오이
2023-05-01,37490.0,74338700,1982.894105094692,-465.18417693794,광주,오이
2023-06-01,37475.0,51630720,1377.7376917945296,139.97223636222225,광주,오이
2023-07-01,99846.0,131826220,1320.2954550007012,197.4144731560507,광주,오이
2023-08-01,44068.0,54659580,1240.3462830171552,277.36364513959666,광주,오이
2020-01-01,961927.0,3377621650,3511.3076667980004,-2041.3914842019728,전국,오이
2020-02-01,1128905.4,3326847580,2946.9675492738365,-1477.051366677809,전국,오이
2020-03-01,2389435.0,3915797042,1638.796218352874,-168.88003575684638,전국,오이
2020-04-01,3512016.0,3961448000,1127.9698042377938,341.9463783582337,전국,오이
2020-05-01,3773569.4,3906131826,1035.1291872358304,434.7869953601971,전국,오이
2020-06-01,4350551.0,4561778295,1048.5518489497078,421.36433364631966,전국,오이
2020-07-01,3860872.9,4142738356,1073.0056293746422,396.91055322138527,전국,오이
2020-08-01,3987240.6,7648971037,1918.362046423785,-448.4458638277574,전국,오이
2020-09-01,3175303.7,6580689254,2072.459794633188,-602.5436120371603,전국,오이
2020-10-01,2941542.8,2560036140,870.3038895099538,599.6122930860737,전국,오이
2020-11-01,1819586.6,2214781208,1217.1892274871666,252.7269551088609,전국,오이
2020-12-01,1257175.1,2542824869,2022.64972397242,-552.7335413763924,전국,오이
2021-01-01,831354.0,2937974100,3533.962788415044,-1920.4335804748207,전국,오이
2021-02-01,971661.9,2847251315,2930.2901708917475,-1316.7609629515246,전국,오이
2021-03-01,1998535.5,4382143840,2192.67750810531,-579.1483001650872,전국,오이
2021-04-01,2953004.0,4499639960,1523.7500389433949,89.77916899682805,전국,오이
2021-05-01,3125747.0,4363720414,1396.0568190579725,217.47238888225047,전국,오이
2021-06-01,3804743.0,4259946100,1119.640958666591,493.888249273632,전국,오이
2021-07-01,4660693.4,4986686072,1069.945101301879,543.5841066383439,전국,오이
2021-08-01,4072645.7,5236380340,1285.744139245896,327.78506869432704,전국,오이
2021-09-01,3209176.5,4806252228,1497.6590499151418,115.87015802508108,전국,오이
2021-10-01,2261436.0,4302000670,1902.3313814761948,-288.80217353597186,전국,오이
2021-11-01,1335808.0,3661067450,2740.7138226451707,-1127.1846147049478,전국,오이
2021-12-01,736671.0,2060654150,2797.251622501768,-1183.722414561545,전국,오이
2022-01-01,1048602.0,3414667570,3256.400016402792,-1414.463120799824,전국,오이
2022-02-01,1107354.0,3013483380,2721.336970833175,-879.4000752302072,전국,오이
2022-03-01,1883007.6,5084039450,2699.9569465359564,-858.0200509329884,전국,오이
2022-04-01,2902520.0,4810035700,1657.1929564654165,184.74393913755148,전국,오이
2022-05-01,4147873.0,4920948000,1186.3786572057534,655.5582383972146,전국,오이
2022-06-01,3532824.0,5193565200,1470.0888580919966,371.8480375109714,전국,오이
2022-07-01,3242434.0,8470144282,2612.27962758841,-770.3427319854422,전국,오이
2022-08-01,3763579.5,7437230325,1976.1055465946715,-134.16865099170354,전국,오이
2022-09-01,3251011.8,4666167366,1435.296963855991,406.639931746977,전국,오이
2022-10-01,2830288.0,3910458650,1381.646903071348,460.2899925316199,전국,오이
2022-11-01,1902504.0,2390446050,1256.4736000555058,585.4632955474622,전국,오이
2022-12-01,1146901.5,3344765700,2916.349573176075,-1074.412677573107,전국,오이
2023-01-01,836660.2,3712481840,4437.2635868181615,-2512.409678323431,전국,오이
2023-02-01,823181.3,3717059750,4515.4812797618215,-2590.627371267091,전국,오이
2023-03-01,1783818.0,5470681700,3066.8384891283754,-1141.984580633645,전국,오이
2023-04-01,2609598.1,5247644200,2010.9012954906727,-86.04738699594282,전국,오이
2023-05-01,3792804.4,5172017100,1363.6392902307327,561.2146182639976,전국,오이
2023-06-01,4225482.7,5207902693,1232.4988794771305,692.3550290175999,전국,오이
2023-07-01,3585269.6,5885870125,1641.6813187493626,283.17258974536776,전국,오이
2023-08-01,1484507.4,2430590480,1637.3043879740849,287.5495205206455,전국,오이
2020-01-01,196129.0,166768400,850.2995477466361,-33.01040046925948,서울,양파
2020-02-01,161702.0,172359880,1065.910625718915,-248.62147844153844,서울,양파
2020-03-01,174813.0,207078050,1184.5689393809384,-367.2797921035618,서울,양파
2020-04-01,10802310.0,9554894100,884.5232269764523,-67.23407969907566,서울,양파
2020-05-01,12249069.0,8503744300,694.2359700969927,123.05317718038395,서울,양파
2020-06-01,781199.0,455898080,583.587639001074,233.70150827630263,서울,양파
2020-07-01,793879.0,539105400,679.0775420435608,138.21160523381582,서울,양파
2020-08-01,718992.0,694468576,965.891937601531,-148.6027903241544,서울,양파
2020-09-01,701246.0,726125760,1035.4793610230931,-218.1902137457165,서울,양파
2020-10-01,725315.0,807608520,1113.4590074657217,-296.16986018834507,서울,양파
2020-11-01,726494.0,857726100,1180.63755516219,-363.34840788481335,서울,양파
2020-12-01,612715.0,724541200,1182.5093232579584,-365.22017598058176,서울,양파
2021-01-01,521879.0,822796200,1576.6033889081568,-769.3089675215875,서울,양파
2021-02-01,351818.0,623866800,1773.2657226179444,-965.9713012313752,서울,양파
2021-03-01,1945804.0,2623923710,1348.5036057074608,-541.2091843208915,서울,양파
2021-04-01,14523344.0,12452281159,857.3976598640093,-50.10323847743996,서울,양파
2021-05-01,12948438.0,7098404462,548.205464010408,259.08895737616126,서울,양파
2021-06-01,797383.5,573549057,719.2888453297567,88.00557605681263,서울,양파
2021-07-01,569891.7,470523417,825.636549891848,-18.34212850527865,서울,양파
2021-08-01,624538.4,626516843,1003.1678484461484,-195.87342705957903,서울,양파
2021-09-01,858831.2,930574331,1083.5357762969022,-276.2413549103329,서울,양파
2021-10-01,682892.8,743638258,1088.9531387649715,-281.65871737840223,서울,양파
2021-11-01,734016.8,817446105,1113.6613017576708,-306.3668803711015,서울,양파
2021-12-01,479661.4,502864273,1048.3734421823394,-241.07902079577013,서울,양파
2022-01-01,554212.0,404150622,729.2347008004157,-26.86652979344933,서울,양파
2022-02-01,681493.0,446578247,655.2939604662117,47.07421054075462,서울,양파
2022-03-01,1089965.2,721104190,661.5845992147273,40.78357179223906,서울,양파
2022-04-01,9478396.0,5559533618,586.5479368028092,115.82023420415716,서울,양파
2022-05-01,12833453.6,6805685476,530.3081842287565,172.0599867782098,서울,양파
2022-06-01,902102.6,1013885385,1123.9136047274446,-421.5454337204783,서울,양파
2022-07-01,745084.1,924896830,1241.3321261318015,-538.9639551248351,서울,양파
2022-08-01,619744.6,812535552,1311.081293810386,-608.7131228034195,서울,양파
2022-09-01,625875.3,903308171,1443.271800309103,-740.9036293021366,서울,양파
2022-10-01,653065.7999999999,1027635583,1573.5559617422932,-871.1877907353269,서울,양파
2022-11-01,611673.4,946904745,1548.0561113169215,-845.6879403099551,서울,양파
2022-12-01,691443.1,1144166766,1654.7518747385,-952.3837037315336,서울,양파
2023-01-01,386120.8,555729363,1439.262953459125,-294.81302049921214,서울,양파
2023-02-01,582112.8,948151679,1628.8109091571257,-484.36097619721295,서울,양파
2023-03-01,1774989.4,2309334967,1301.0415538256173,-156.5916208657045,서울,양파
2023-04-01,8350806.4,9295434408,1113.1181783833474,31.331754576565345,서울,양파
2023-05-01,7449548.1,7943634387,1066.3243300623833,78.12560289752946,서울,양파
2023-06-01,799180.3,1017171085,1272.767966127293,-128.31803316738024,서울,양파
2023-07-01,555777.4,698029261,1255.9511433894218,-111.501210429509,서울,양파
2023-08-01,40878.0,52174950,1276.35769851754,-131.90776555762727,서울,양파
2020-01-01,1242260.0,996253350,801.968468758553,18.11697892647146,부산,양파
2020-02-01,1262447.0,1200651900,951.0513312638076,-130.96588357878318,부산,양파
2020-03-01,1199742.8,1052491300,877.2641102743021,-57.17866258927768,부산,양파
2020-04-01,356549.0,263060050,737.7949454352697,82.2905022497547,부산,양파
2020-05-01,803859.0,467878100,582.0400095041543,238.0454381808701,부산,양파
2020-06-01,2153064.0,1091602000,506.9993274700613,313.0861202149631,부산,양파
2020-07-01,1379506.2,859871630,623.3184236504338,196.7670240345905,부산,양파
2020-08-01,1244951.4,1006470210,808.4413656629488,11.644082022075622,부산,양파
2020-09-01,1434226.0,1294616900,902.6589254413182,-82.57347775629376,부산,양파
2020-10-01,1190929.0,1151253000,966.6848317573928,-146.59938407236837,부산,양파
2020-11-01,1204207.5,1300287900,1079.7872459688217,-259.7017982837973,부산,양파
2020-12-01,1202874.5,1350003020,1122.3141067501224,-302.228659065098,부산,양파
2021-01-01,929656.0,1336836100,1437.9900737477087,-592.2084259775115,부산,양파
2021-02-01,755296.0,1242097200,1644.5171164682456,-798.7354686980484,부산,양파
2021-03-01,661167.2,948880750,1435.1600472618727,-589.3783994916755,부산,양파
2021-04-01,279887.8,196434770,701.8339849039509,143.94766286624633,부산,양파
2021-05-01,768062.0,365311350,475.6274233069726,370.1542244632246,부산,양파
2021-06-01,708322.0,338739500,478.22812223819113,367.55352553200606,부산,양파
2021-07-01,1288542.0,681556700,528.9363482137176,316.84529955647963,부산,양파
2021-08-01,1345408.0,912562900,678.2796742698126,167.50197350038457,부산,양파
2021-09-01,1234016.0,996077930,807.1839668205274,38.59768094966978,부산,양파
2021-10-01,1212757.0,958038500,789.9674048469726,55.81424292322458,부산,양파
2021-11-01,1176552.0,914646000,777.3953042449463,68.38634352525094,부산,양파
2021-12-01,624220.0,398787500,638.8572939027907,206.92435386740647,부산,양파
2022-01-01,1675200.0,903436700,539.300799904489,349.00834726859364,부산,양파
2022-02-01,1166486.0,472535300,405.09298868567646,483.21615848740623,부산,양파
2022-03-01,1474692.0,456234000,309.375788300201,578.9333588728816,부산,양파
2022-04-01,503553.4,170953710,339.4946990726306,548.8144481004521,부산,양파
2022-05-01,347183.8,232206200,668.8278658163198,219.4812813567629,부산,양파
2022-06-01,1849438.0,1748019600,945.1625845256776,-56.85343735259494,부산,양파
2022-07-01,1177002.9,1233083700,1047.6471213452403,-159.3379741721576,부산,양파
2022-08-01,1222928.0,1425984300,1166.0410915442285,-277.7319443711458,부산,양파
2022-09-01,989368.0,1244557260,1257.9315886505324,-369.6224414774497,부산,양파
2022-10-01,1169772.0,1536102500,1313.1640182873243,-424.8548711142416,부산,양파
2022-11-01,1083313.5,1416027430,1307.1261735407156,-418.8170263676329,부산,양파
2022-12-01,1019050.0,1311140800,1286.6304891811,-398.3213420080174,부산,양파
2023-01-01,790780.0,976412800,1234.746452869319,-210.0442474077117,부산,양파
2023-02-01,796796.5,1044297400,1310.6199638176122,-285.9177583560049,부산,양파
2023-03-01,873448.6,1108022810,1268.5609777152313,-243.858772253624,부산,양파
2023-04-01,81980.6,74042580,903.1719699538672,121.53023550774004,부산,양파
2023-05-01,1339554.0,1408339100,1051.3492550505616,-26.64704958895436,부산,양파
2023-06-01,2043407.0,1634258000,799.771166488125,224.93103897348223,부산,양파
2023-07-01,1155832.0,1023410400,885.4317928557091,139.27041260589817,부산,양파
2023-08-01,259857.1,254227800,978.3369398026838,46.36526565892348,부산,양파
2020-01-01,2276705.7,1806728300,793.5712990923683,-1.3026881733371738,대구,양파
2020-02-01,2582537.8,2550122300,987.4481992093204,-195.1795882902892,대구,양파
2020-03-01,2244144.0,1920156900,855.6299863110389,-63.361375392007744,대구,양파
2020-04-01,1166191.4,916842350,786.1851407924978,6.083470126533371,대구,양파
2020-05-01,996047.7,550908400,553.0943949772687,239.17421594176244,대구,양파
2020-06-01,7498033.7,3625737800,483.5584828059655,308.71012811306565,대구,양파
2020-07-01,3718600.2,2184632300,587.4878132906033,204.78079762842788,대구,양파
2020-08-01,3346878.8,2618695900,782.4292591652857,9.839351753745518,대구,양파
2020-09-01,3286783.9,2954752200,898.9797595150688,-106.71114859603767,대구,양파
2020-10-01,2975553.1,3006966500,1010.557163305202,-218.2885523861709,대구,양파
2020-11-01,2960735.5,3191115000,1077.8115775623996,-285.54296664336846,대구,양파
2020-12-01,2907084.4,3162763700,1087.950422079249,-295.68181116021776,대구,양파
2021-01-01,2247511.1,3399847400,1512.7166224006637,-654.2621806333672,대구,양파
2021-02-01,2257408.7,3834908500,1698.810011674005,-840.3555699067084,대구,양파
2021-03-01,3044932.5,4622783900,1518.1892866262224,-659.7348448589258,대구,양파
2021-04-01,728366.0,520110560,714.0785813725518,144.3758603947448,대구,양파
2021-05-01,193373.0,98795200,510.9048315948969,347.54961017239964,대구,양파
2021-06-01,3775422.000000001,1739275100,460.68362688992113,397.7708148773754,대구,양파
2021-07-01,3736560.000000001,1831847200,490.24964138137744,368.2048003859191,대구,양파
2021-08-01,2897080.2,1829727300,631.576336754502,226.8781050127945,대구,양파
2021-09-01,2670273.6,2054912300,769.5512175231783,88.90322424411829,대구,양파
2021-10-01,3223972.3,2483517700,770.3284857627344,88.12595600456211,대구,양파
2021-11-01,3864607.9,2880747200,745.4177175386926,113.03672422860392,대구,양파
2021-12-01,2435936.5,1380380400,566.6733923482817,291.78104941901483,대구,양파
2022-01-01,4018571.9,1845401000,459.2181117874238,291.3461538076885,대구,양파
2022-02-01,3764584.2,1300104500,345.35142021793536,405.212845377177,대구,양파
2022-03-01,6176011.3,1543838080,249.9733250164228,500.5909405786896,대구,양파
2022-04-01,4136933.9,1717492020,415.1606144831079,335.40365111200447,대구,양파
2022-05-01,3277520.5,1876707900,572.5998967817287,177.96436881338366,대구,양파
2022-06-01,5908156.5,5294131200,896.0715918747244,-145.50732627961202,대구,양파
2022-07-01,3459955.9000000004,3712494300,1072.9889071707532,-322.42464157564086,대구,양파
2022-08-01,3057455.0,3492631800,1142.333018801585,-391.76875320647264,대구,양파
2022-09-01,2547354.7,2941751000,1154.8258277498614,-404.2615621547491,대구,양파
2022-10-01,1863559.4,2392707400,1283.9447993983986,-533.3805338032862,대구,양파
2022-11-01,2387673.5,3127018400,1309.6507541755605,-559.0864885804481,대구,양파
2022-12-01,2482025.0,3089882200,1244.9037378753237,-494.33947228021134,대구,양파
2023-01-01,1910237.0,2211694000,1157.81130823034,-128.6980822678031,대구,양파
2023-02-01,2058188.0,2606771900,1266.537313403829,-237.42408744129216,대구,양파
2023-03-01,2741209.6,3416548800,1246.365400150357,-217.25217418781995,대구,양파
2023-04-01,3540027.6,4043867400,1142.3265174542707,-113.2132914917338,대구,양파
2023-05-01,5643002.0,6280945100,1113.0503054934236,-83.93707953088665,대구,양파
2023-06-01,7065024.3,5618828600,795.3020911761054,233.8111347864316,대구,양파
2023-07-01,3290949.4,2851011000,866.3186981847853,162.79452777775168,대구,양파
2023-08-01,436725.0,432593100,990.538897475528,38.57432848700898,대구,양파
2020-01-01,2946856.0,2380499400,807.8098828039103,84.70553430798554,대전,양파
2020-02-01,2820738.0,2802490210,993.5308454737732,72.93711427918515,대전,양파
2020-03-01,2691912.0,2660264800,988.2435978590682,59.16904486164469,대전,양파
2020-04-01,4174226.0,3602379110,863.005287686867,77.3529996682604,대전,양파
2020-05-01,4766306.0,3248563300,681.5683466399346,215.7677810272228,대전,양파
2020-06-01,4356519.0,2261576300,519.124626794925,369.9136537791149,대전,양파
2020-07-01,2959013.0,1816877600,614.0147407260462,254.0459223442682,대전,양파
2020-08-01,2911063.0,2466167500,847.1707757612941,41.014741547781,대전,양파
2020-09-01,3411461.5,3134352000,918.7710311255162,-127.76392736891432,대전,양파
2020-10-01,2938468.0,3081357600,1048.6272438563224,-195.3861814565587,대전,양파
2020-11-01,3515196.0,3968459200,1128.943933709529,-212.1913746415314,대전,양파
2020-12-01,2785443.0,3115211700,1118.3900370605322,-244.63460306794207,대전,양파
2021-01-01,2343256.0,3565849500,1521.7498642913963,-589.3873936261222,대전,양파
2021-02-01,1737419.0,3041920100,1750.8270025825664,-729.7244278621871,대전,양파
2021-03-01,2439082.5,3707964750,1520.2293280362596,-368.9272265968679,대전,양파
2021-04-01,4722515.0,3787219700,801.949744998163,105.03152577934134,대전,양파
2021-05-01,5510565.0,2890502400,524.5383005190938,320.1440016490393,대전,양파
2021-06-01,4030881.5,2113373000,524.2954921894876,305.9460485049574,대전,양파
2021-07-01,3025009.5,1617749800,534.7916428031052,304.6148829988938,대전,양파
2021-08-01,2964676.0,2159050040,728.2583459372963,188.8067087664232,대전,양파
2021-09-01,2720970.0,2228189125,818.895145848723,77.58231530850674,대전,양파
2021-10-01,3172462.0,2644086610,833.4494187794842,98.2482724381564,대전,양파
2021-11-01,3896148.0,3072026600,788.4779017634854,42.17925914007003,대전,양파
2021-12-01,2550841.0,1636988367,641.7445724762931,170.16791193489928,대전,양파
2022-01-01,3605899.0,1844142200,511.4236976687367,308.7329657370067,대전,양파
2022-02-01,2765639.0,1111762660,401.9912432533675,378.024072888674,대전,양파
2022-03-01,4186164.0,1290384588,308.2498889197843,351.5882488729628,대전,양파
2022-04-01,3579915.0,1577995981,440.7914659984944,327.3528318117232,대전,양파
2022-05-01,3891725.0,2105255799,540.9569789746192,330.09873889925603,대전,양파
2022-06-01,4217625.0,4238314228,1004.9054214160814,6.309375305758067,대전,양파
2022-07-01,2472810.0,2783431800,1125.6149077365426,-176.89634067133136,대전,양파
2022-08-01,3107494.0,3590670520,1155.4875150201417,-372.0329020915017,대전,양파
2022-09-01,2564586.0,3267469100,1274.0727353264815,-368.403421171796,대전,양파
2022-10-01,2193818.0,2883024450,1314.1584443194467,-393.91967247945536,대전,양파
2022-11-01,2866767.0,3676600850,1282.4902930723006,-494.5927559098054,대전,양파
2022-12-01,2212655.0,2752686400,1244.0648903692622,-494.4555964669749,대전,양파
2023-01-01,1902948.0,2352984400,1236.494323544311,-107.14422658610216,대전,양파
2023-02-01,2072374.0,2826128800,1363.7156227592125,-218.66298447001645,대전,양파
2023-03-01,2369876.0,3054423910,1288.8538936214384,-41.620399914030486,대전,양파
2023-04-01,3759014.0,4141226230,1101.6788524863168,117.7522153252877,대전,양파
2023-05-01,4742823.0,5000998880,1054.4350653608622,192.0617189093212,대전,양파
2023-06-01,4040330.0,3905283800,966.5754529951762,308.17524396152953,대전,양파
2023-07-01,2496337.0,2534741100,1015.3841809018572,170.8134265971447,대전,양파
2023-08-01,574548.0,584066200,1016.5664139462672,192.60722754720712,대전,양파
2020-01-01,148872.0,115049300,772.8068407759686,5.149675511201281,광주,양파
2020-02-01,40260.0,31587000,784.575260804769,-6.618744517599112,광주,양파
2020-03-01,504657.0,402889550,798.3433302223094,-20.38681393513957,광주,양파
2020-04-01,1195291.0,932517480,780.1593754156937,-2.202859128523869,광주,양파
2020-05-01,1391894.0,893240450,641.7445940567313,136.21192223043852,광주,양파
2020-06-01,1487141.0,725128050,487.5987213048393,290.3577949823306,광주,양파
2020-07-01,598335.0,361075100,603.4664527396859,174.49006354748394,광주,양파
2020-08-01,489549.0,399715600,816.4976335361731,-38.541117249003264,광주,양파
2020-09-01,616625.0,607546000,985.2763024528684,-207.3197861656986,광주,양파
2020-10-01,498386.0,524749900,1052.8985565405128,-274.9420402533429,광주,양파
2020-11-01,532759.0,569894300,1069.7037497254855,-291.7472334383157,광주,양파
2020-12-01,845840.0,932240000,1102.1469781518963,-324.19046186472644,광주,양파
2021-01-01,690580.0,980208400,1419.3987662544528,-612.1106826835786,광주,양파
2021-02-01,617715.0,963472200,1559.7358004905177,-752.4477169196435,광주,양파
2021-03-01,1575371.0,1888773100,1198.9385992251985,-391.6505156543243,광주,양파
2021-04-01,2628125.0,1905337660,724.9798468489893,82.3082367218849,광주,양파
2021-05-01,1963522.0,1001135800,509.8673709792913,297.42071259158286,광주,양파
2021-06-01,1273404.0,667346880,524.0653241233732,283.22275944750095,광주,양파
2021-07-01,368736.0,193732600,525.3964896294368,281.8915939414373,광주,양파
2021-08-01,438778.0,281346500,641.2046638619074,166.08341970896674,광주,양파
2021-09-01,698275.0,525402400,752.4290573198239,54.859026251050295,광주,양파
2021-10-01,597873.0,437501400,731.7631001901742,75.52498338069995,광주,양파
2021-11-01,550753.0,433900900,787.8321134882606,19.45597008261359,광주,양파
2021-12-01,492017.0,324654200,659.8434606934313,147.44462287744284,광주,양파
2022-01-01,1172827.0,606987600,517.5423144248896,179.24503859342065,광주,양파
2022-02-01,720011.0,322745800,448.25120727322224,248.536145745088,광주,양파
2022-03-01,1448787.0,687720400,474.68703128893344,222.1003217293768,광주,양파
2022-04-01,2313763.8,1154388700,498.92244835017306,197.8649046681372,광주,양파
2022-05-01,2213964.0,1098517000,496.1765412626402,200.61081175567,광주,양파
2022-06-01,2089036.5,1712938704,819.9659048561382,-123.17855183782795,광주,양파
2022-07-01,551926.0,553676500,1003.1716208332276,-306.3842678149174,광주,양파
2022-08-01,480430.0,575703200,1198.308182253398,-501.5208292350877,광주,양파
2022-09-01,282074.0,336987800,1194.6787013336923,-497.89134831538206,광주,양파
2022-10-01,434936.4,530707200,1220.1949526413516,-523.4075996230414,광주,양파
2022-11-01,452654.0,597896200,1320.8680360717017,-624.0806830533915,광주,양파
2022-12-01,472720.0,624335900,1320.730876628871,-623.9435236105609,광주,양파
2023-01-01,526705.0,641704300,1218.337209633476,-246.38349087761696,광주,양파
2023-02-01,421641.0,560721800,1329.8559675173904,-357.90224876153127,광주,양파
2023-03-01,1095213.5,1262576780,1152.8133829614044,-180.8596642055453,광주,양파
2023-04-01,2386697.0,2371042100,993.4407677220862,-21.48704896622712,광주,양파
2023-05-01,2428287.0,2231914500,919.1312641380528,52.82245461780633,광주,양파
2023-06-01,2215334.0,1778952500,803.0177390858444,168.93597967001472,광주,양파
2023-07-01,699448.0,657746600,940.3795564502292,31.574162305629898,광주,양파
2023-08-01,101906.0,93609400,918.5857555001668,53.3679632556923,광주,양파
2020-01-01,6810822.7,5465298750,802.4432569651241,18.231075571573,전국,양파
2020-02-01,6867684.8,6757211290,983.9140098567132,-163.23967732001609,전국,양파
2020-03-01,6815268.8,6242880600,916.0138481992084,-95.3395156625113,전국,양파
2020-04-01,17694567.4,15269693090,862.9593900102922,-42.28505747359509,전국,양파
2020-05-01,20207175.7,13664334550,676.2119928516285,144.46233968506863,전국,양파
2020-06-01,16275956.7,8159942230,501.34946783189713,319.32486470479995,전국,양파
2020-07-01,9449333.4,5761562030,609.7321140134604,210.94221852323665,전국,양파
2020-08-01,8711434.2,7185517786,824.8375205543078,-4.163188017610764,전국,양파
2020-09-01,9450342.4,8717392860,922.4420122597886,-101.76767972309152,전국,양파
2020-10-01,8328651.1,8571935520,1029.210542869301,-208.5362103326039,전국,양파
2020-11-01,8939392.0,9887482500,1106.0576043650397,-285.3832718283426,전국,양파
2020-12-01,8353956.9,9284759620,1111.420579629756,-290.74624709305897,전국,양파
2021-01-01,6732882.1,10105537600,1500.922999973518,-670.9831682535272,전국,양파
2021-02-01,5719656.7,9706264800,1697.0012903047136,-867.0614585847228,전국,양파
2021-03-01,9666357.2,13792326210,1426.838045049691,-596.8982133297001,전국,양파
2021-04-01,22882237.8,18861383849,824.2805626729393,5.659269047051566,전국,양파
2021-05-01,21383960.0,11454149212,535.6420986571243,294.29773306286654,전국,양파
2021-06-01,10585413.0,5432283537,513.1857903890949,316.7540413308959,전국,양파
2021-07-01,8988739.200000001,4795409717,533.4908055848366,296.4490261351542,전국,양파
2021-08-01,8270480.6,5809203583,702.4021775711559,127.53765414883492,전국,양파
2021-09-01,8182365.8,6735156086,823.1306507953971,6.809180924593761,전국,양파
2021-10-01,8889957.1,7266782468,817.4147958486774,12.525035871313436,전국,양파
2021-11-01,10222077.7,8118766805,794.2384164229157,35.70141529707507,전국,양파
2021-12-01,6582675.9,4243674740,644.6732004533293,185.2666312666616,전국,양파
2022-01-01,11026709.9,5604118122,508.2312106533246,261.63275823821897,전국,양파
2022-02-01,9098213.2,3653726507,401.5872596830332,368.2767092085104,전국,양파
2022-03-01,14375619.5,4699281258,326.89243465299006,442.9715342385535,전국,양파
2022-04-01,20012562.1,10180364029,508.6986852622933,261.16528362925027,전국,양파
2022-05-01,22563846.9,12118372375,537.0703155675109,232.79365332403268,전국,양파
2022-06-01,14966358.6,14007289117,935.9183146259772,-166.0543457344337,전국,양파
2022-07-01,8406778.9,9207583130,1095.2569634012857,-325.3929945097421,전국,양파
2022-08-01,8488051.6,9897525372,1166.053864705535,-396.1898958139915,전국,양파
2022-09-01,7009258.0,8694073331,1240.3699979370142,-470.50602904547065,전국,양파
2022-10-01,6315151.6,8370177133,1325.4119082430263,-555.5479393514828,전국,양파
2022-11-01,7402081.4,9764447625,1319.1489119533323,-549.2849430617888,전국,양파
2022-12-01,6877893.1,8922212066,1297.2304070849837,-527.3664381934401,전국,양파
2023-01-01,5516790.8,6738524863,1221.4573847897225,-151.49066160652637,전국,양파
2023-02-01,5931112.3,7986071579,1346.47114656723,-276.504423384034,전국,양파
2023-03-01,8854737.1,11150907267,1259.3154535327762,-189.3487303495801,전국,양파
2023-04-01,18118525.6,19925612718,1099.7369851109738,-29.77026192777771,전국,양파
2023-05-01,21603214.1,22865831967,1058.4458340854012,11.520889097794909,전국,양파
2023-06-01,16163275.6,13954493985,863.345668931117,206.62105425207915,전국,양파
2023-07-01,8198343.8,7764938361,947.1350007302694,122.83172245292668,전국,양파
2023-08-01,1413914.1,1416671450,1001.9501538318344,68.01656935136168,전국,양파
2020-01-01,9462928.5,9136197340,965.472510967403,509.39908327326816,서울,대파
2020-02-01,8754610.0,7387886850,843.885318706373,630.9862755342981,서울,대파
2020-03-01,9109415.0,6478744150,711.2140735711349,763.6575206695362,서울,대파
2020-04-01,8229718.0,6756209940,820.9527884187527,653.9188058219185,서울,대파
2020-05-01,7901230.0,9477792330,1199.5337852460946,275.33780899457656,서울,대파
2020-06-01,7914290.5,10485254220,1324.8508151172869,150.02077912338427,서울,대파
2020-07-01,8096983.1,10570971010,1305.5444082623812,169.3271859782899,서울,대파
2020-08-01,7364979.3,15393054610,2090.0336556275183,-615.1620613868472,서울,대파
2020-09-01,8882357.0,20153143600,2268.895924809147,-794.0243305684758,서울,대파
2020-10-01,8084234.0,18937973340,2342.581046021181,-867.7094517805099,서울,대파
2020-11-01,9074613.0,20620399360,2272.3172172741693,-797.4456230334981,서울,대파
2020-12-01,9257988.8,15235945860,1645.7079598108824,-170.83636557021123,서울,대파
2021-01-01,8241883.3,24222400650,2938.940017507892,-794.5110121936359,서울,대파
2021-02-01,7644953.0,33632029700,4399.246103932882,-2254.8170986186256,서울,대파
2021-03-01,8076544.0,35220387300,4360.824048008653,-2216.395042694397,서울,대파
2021-04-01,7029457.0,26378613030,3752.581889326587,-1608.1528840123306,서울,대파
2021-05-01,8101083.4,16244390960,2005.2121621164893,139.21684319776705,서울,대파
2021-06-01,7687400.4,6819742620,887.1324849945372,1257.296520319719,서울,대파
2021-07-01,6454223.0,4956262050,767.9099482617814,1376.5190570524749,서울,대파
2021-08-01,6683397.2,7546671760,1129.1670290073437,1015.2619763069126,서울,대파
2021-09-01,7442639.0,9982791605,1341.2973012663922,803.1317040478641,서울,대파
2021-10-01,8029655.4,9772609520,1217.064622723411,927.3643825908453,서울,대파
2021-11-01,8452599.4,11589320066,1371.0953894254114,773.3336158888449,서울,대파
2021-12-01,6280924.0,6900928250,1098.7122674944003,1045.716737819856,서울,대파
2022-01-01,9645522.4,11354502650,1177.1786098386956,232.2672984093836,서울,대파
2022-02-01,7432480.8,8506921300,1144.560144709691,264.8857635383881,서울,대파
2022-03-01,9665162.9,12859394450,1330.4891581289332,78.95675011914591,서울,대파
2022-04-01,8617125.1,8450791390,980.6973082008524,428.7486000472268,서울,대파
2022-05-01,8227212.5,10287507140,1250.424386145368,159.02152210271106,서울,대파
2022-06-01,8249497.2,11312882240,1371.3420303967132,38.10387785136595,서울,대파
2022-07-01,8376382.0,12935372840,1544.2673029954938,-134.82139474741462,서울,대파
2022-08-01,9278259.4,15246199060,1643.2175910063474,-233.7716827582683,서울,대파
2022-09-01,8742859.6,14312841800,1637.0892882690237,-227.6433800209445,서울,대파
2022-10-01,9014638.2,14432369020,1600.9925966856886,-191.54668843760945,서울,대파
2022-11-01,9249615.0,14069528730,1521.0934433487232,-111.64753510064406,서울,대파
2022-12-01,9760070.8,15997756760,1639.1025319201576,-229.65662367207847,서울,대파
2023-01-01,9411873.0,13232165810,1405.9014406590484,70.4679482345598,서울,대파
2023-02-01,9484701.0,15622096300,1647.0836877198342,-170.714298826226,서울,대파
2023-03-01,11354414.0,18530191920,1631.981352802531,-155.61196390892292,서울,대파
2023-04-01,9568274.0,10351729350,1081.880530386149,394.4888585074591,서울,대파
2023-05-01,9127647.0,14793088010,1620.6901964986157,-144.32080760500753,서울,대파
2023-06-01,8595882.0,11862270400,1379.9945601859122,96.374828707696,서울,대파
2023-07-01,8088550.5,12188833180,1506.9242851361316,-30.55489624252345,서울,대파
2023-08-01,2062984.0,3361455000,1629.4139944856577,-153.0446055920495,서울,대파
2020-01-01,1572788.4,1681745720,1069.2765282348216,274.68255630863405,부산,대파
2020-02-01,1647451.3,1372014542,832.8103792810142,511.1487052624415,부산,대파
2020-03-01,1696068.0000000002,1191287642,702.3820047309423,641.5770798125134,부산,대파
2020-04-01,1635385.5,1165127230,712.4480619401359,631.5110226033198,부산,대파
2020-05-01,1404740.2000000002,1513407423,1077.3575234765829,266.6015610668728,부산,대파
2020-06-01,1294017.8,1523764489,1177.5452308306733,166.41385371278238,부산,대파
2020-07-01,1416605.2999999998,1610149073,1136.625052158142,207.3340323853137,부산,대파
2020-08-01,1364894.9,2243148764,1643.4589681593798,-299.4998836159241,부산,대파
2020-09-01,1601332.2,3260979130,2036.416385057392,-692.4573005139364,부산,대파
2020-10-01,1338328.9,2740074341,2047.384870042036,-703.4257854985799,부산,대파
2020-11-01,1488844.8,3102720983,2083.978788789805,-740.0197042463494,부산,대파
2020-12-01,1606724.7,2877134044,1790.6826502387123,-446.72356569525664,부산,대파
2021-01-01,1300116.7000000002,3578470740,2752.4227171299312,-828.4155187611784,부산,대파
2021-02-01,959377.4,4073973768,4246.476692071337,-2322.4694937025843,부산,대파
2021-03-01,1205482.0,4634275402,3844.3339693168377,-1920.326770948085,부산,대파
2021-04-01,1163728.4,3693836410,3174.139610238953,-1250.1324118702005,부산,대파
2021-05-01,1138603.2000000002,2357520630,2070.537505954664,-146.53030758591126,부산,대파
2021-06-01,1146828.1,1083677740,944.9347639807568,979.072434387996,부산,대파
2021-07-01,1350836.7,1075480470,796.1587584939024,1127.8484398748506,부산,대파
2021-08-01,1299122.2,1394191370,1073.179543848916,850.8276545198369,부산,대파
2021-09-01,1437764.7000000002,1933119600,1344.5312713547632,579.4759270139896,부산,대파
2021-10-01,1523911.3,1864999980,1223.8244968719637,700.1827014967892,부산,대파
2021-11-01,1447457.1,1938582240,1339.3020352727551,584.7051630959977,부산,대파
2021-12-01,984994.5,1151599030,1169.1425992733969,754.864599095356,부산,대파
2022-01-01,1820387.3,2221817800,1220.5192818033831,196.4269952280553,부산,대파
2022-02-01,1289319.1,1490064160,1155.698507840301,261.2477691911374,부산,대파
2022-03-01,1604236.6,2223540070,1386.0424765274647,30.9038005039738,부산,대파
2022-04-01,1510132.0,1469025780,972.7797172697486,444.1665597616899,부산,대파
2022-05-01,1481816.2,1858340100,1254.0962232697957,162.8500537616428,부산,대파
2022-06-01,1391300.1,1832747480,1317.2912731049182,99.6550039265203,부산,대파
2022-07-01,1265998.6,1941609570,1533.658544330144,-116.71226729870546,부산,대파
2022-08-01,1428467.3,2633275420,1843.4271614057948,-426.48088437435626,부산,대파
2022-09-01,1507575.7999999998,2673865430,1773.6192302901122,-356.6729532586737,부산,대파
2022-10-01,1595430.4,2603641470,1631.9367300510255,-214.990453019587,부산,대파
2022-11-01,1652117.19,2361005330,1429.078605495292,-12.132328463853582,부산,대파
2022-12-01,1720475.6,2574788040,1496.555975568616,-79.60969853717756,부산,대파
2023-01-01,1547686.9,2429831740,1569.976291716367,98.89785929717004,부산,대파
2023-02-01,1529990.7,2689332240,1757.744174523414,-88.87002350987677,부산,대파
2023-03-01,1554876.3,2774258340,1784.2308999114591,-115.356748897922,부산,대파
2023-04-01,1367718.1,1951475090,1426.8108976550063,242.0632533585308,부산,대파
2023-05-01,1368209.4,2399325220,1753.6242771026132,-84.75012608907605,부산,대파
2023-06-01,1261951.5699999998,1877987370,1488.1612057426262,180.7129452709109,부산,대파
2023-07-01,1192348.33,2211692310,1854.9045227412696,-186.03037172773247,부산,대파
2023-08-01,271195.9,511675320,1886.7369307574336,-217.86277974389645,부산,대파
2020-01-01,766068.0,753969700,984.2072766386274,273.93096879095754,대구,대파
2020-02-01,689616.5,560103600,812.1957638774594,445.9424815521255,대구,대파
2020-03-01,487140.0,347683230,713.7234265303608,544.4148188992241,대구,대파
2020-04-01,596138.0,424127350,711.4583368280499,546.679908601535,대구,대파
2020-05-01,413997.0,386009250,932.3962492481828,325.7419961814021,대구,대파
2020-06-01,378845.9,401434720,1059.625351627139,198.5128938024459,대구,대파
2020-07-01,404956.2,432844120,1068.8665095138683,189.2717359157166,대구,대파
2020-08-01,320024.0,534172850,1669.164968877334,-411.0267234477492,대구,대파
2020-09-01,466034.5,928959450,1993.3276399064875,-735.1893944769026,대구,대파
2020-10-01,395559.0,794400050,2008.2972451644384,-750.1589997348535,대구,대파
2020-11-01,386193.0,731634600,1894.479185277828,-636.3409398482427,대구,대파
2020-12-01,952808.0,1577310300,1655.433518610255,-397.29527318067016,대구,대파
2021-01-01,684282.0,1605912240,2346.857348286233,-503.1127383438152,대구,대파
2021-02-01,496666.0,1833715850,3692.050291342673,-1848.305681400256,대구,대파
2021-03-01,602776.0,2315579090,3841.525027539252,-1997.780417596834,대구,대파
2021-04-01,366270.6,1172913900,3202.315173535632,-1358.570563593214,대구,대파
2021-05-01,494350.0,859273100,1738.1877212501263,105.55688869229152,대구,대파
2021-06-01,489174.0,465965750,952.5562478790778,891.18836206334,대구,대파
2021-07-01,468621.0,344759600,735.6896084469113,1108.0550014955063,대구,대파
2021-08-01,489153.5,528176500,1079.7765936459618,763.968016296456,대구,대파
2021-09-01,478216.4,601170750,1257.1102747626387,586.6343351797791,대구,대파
2021-10-01,530416.0,607174800,1144.714337425719,699.0302725166989,대구,대파
2021-11-01,618127.0,723631450,1170.68409889877,673.0605110436479,대구,대파
2021-12-01,685752.0,748707000,1091.8043257620832,751.9402841803346,대구,대파
2022-01-01,859689.0,968763700,1126.8769287498153,204.8258387524893,대구,대파
2022-02-01,673768.5,761666750,1130.4576423504511,201.24512515185347,대구,대파
2022-03-01,768487.5,993616400,1292.9506335496674,38.75213395263722,대구,대파
2022-04-01,647111.5,600956200,928.6748883306818,403.0278791716228,대구,대파
2022-05-01,372780.0,419709950,1125.891812865497,205.8109546368076,대구,대파
2022-06-01,415000.9,546384250,1316.5856989707731,15.11706853153146,대구,대파
2022-07-01,401363.0,548981550,1367.7931199437917,-36.09035244148709,대구,대파
2022-08-01,417332.14,689491800,1652.1416251334008,-320.4388576310962,대구,대파
2022-09-01,555545.6,989229550,1780.645099160177,-448.9423316578725,대구,대파
2022-10-01,616427.0,975703100,1582.8364104752063,-251.13364297290173,대구,대파
2022-11-01,552819.0,756140600,1367.79054265501,-36.08777515270549,대구,대파
2022-12-01,774182.0,1143861500,1477.5098103546711,-145.80704285236652,대구,대파
2023-01-01,772379.0,1060876650,1373.518246871031,-29.891547446856748,대구,대파
2023-02-01,811567.0,1249216150,1539.264349092558,-195.6376496683838,대구,대파
2023-03-01,854283.1,1229514750,1439.2357170591342,-95.60901763496008,대구,대파
2023-04-01,560224.6,554785950,990.2920185939712,353.33468083020296,대구,대파
2023-05-01,494266.6,640999250,1296.869442523529,46.75725690064519,대구,대파
2023-06-01,433876.4,515281050,1187.6217512637238,156.00494816045034,대구,대파
2023-07-01,465868.0,618786550,1328.2443739428336,15.382325481340558,대구,대파
2023-08-01,128677.0,205266350,1595.2062140087196,-251.57951458454545,대구,대파
2020-01-01,1655844.4,1592782952,961.9158370194688,529.7580057203666,대전,대파
2020-02-01,1528847.0,1236327688,808.6667194297402,689.2053814950499,대전,대파
2020-03-01,1641619.0,1162323521,708.0348856829752,831.2054475953043,대전,대파
2020-04-01,1355853.0,1180578684,870.7276408283199,752.7749999965871,대전,대파
2020-05-01,1477557.0,1817564652,1230.1147448118752,345.8899640687432,대전,대파
2020-06-01,1229392.0,1766107594,1436.5699418899749,142.54420862572488,대전,대파
2020-07-01,1180906.0,1508151210,1277.1136822067124,339.11909954739235,대전,대파
2020-08-01,1145669.8,2271317308,1982.5235054637903,-97.93286084489546,대전,대파
2020-09-01,1254353.0,3414877224,2722.4212195450564,-496.8249805626699,대전,대파
2020-10-01,1141862.5,2713735789,2376.5871889128507,-737.9099013314483,대전,대파
2020-11-01,1500355.5,3596650228,2397.1986825788954,-798.3411165462046,대전,대파
2020-12-01,1512822.5,2453181000,1621.5920902815762,-279.9508600577665,대전,대파
2021-01-01,1190941.0,3591954000,3016.0637680623977,-650.9080754240972,대전,대파
2021-02-01,988353.6,4876167220,4933.6262042248845,-2448.137770558589,대전,대파
2021-03-01,1121524.0,4799955020,4279.8504713229495,-1639.1614654275422,대전,대파
2021-04-01,979397.0,3399004320,3470.50717941754,-782.0702916633768,대전,대파
2021-05-01,1139371.0,2102849930,1845.6235326333565,229.9026913055086,대전,대파
2021-06-01,1014942.0,829499370,817.2874607613046,1104.215312189281,대전,대파
2021-07-01,1003630.0,694805110,692.292089714337,1243.166394972213,대전,대파
2021-08-01,877829.0,1087301530,1238.625666274411,897.7105031298349,대전,대파
2021-09-01,1069494.0,1678678290,1569.6004746169683,733.8095532880027,대전,대파
2021-10-01,1171214.0,1492070750,1273.9522836987946,803.3639332869147,대전,대파
2021-11-01,1233110.0,1611618330,1306.9542295496751,718.7474378968861,대전,대파
2021-12-01,912642.0,948429720,1039.2133169413637,956.1770121922546,대전,대파
2022-01-01,1482963.0,1722865160,1161.7721817739216,191.88352926361927,대전,대파
2022-02-01,1158726.0,1336219160,1153.1795782609522,201.1504075467301,대전,대파
2022-03-01,1554361.0,1957716220,1259.4990610289374,61.66636992000463,대전,대파
2022-04-01,1296077.0,1332215880,1027.8832816260144,388.247137252933,대전,대파
2022-05-01,1301212.0,1946709730,1496.0742215718883,31.23655444600263,대전,대파
2022-06-01,1250724.0,1926629950,1540.4117535123655,-64.47572576889979,대전,대파
2022-07-01,1066356.5,1767281210,1657.3080484809725,-124.08554083581453,대전,대파
2022-08-01,1136312.0,2163425210,1903.9006980477195,-429.353233843887,대전,대파
2022-09-01,1263766.0,2214938100,1752.6489081048232,-275.0431145120551,대전,대파
2022-10-01,1266945.0,2125123150,1677.36022479271,-392.1202620753375,대전,대파
2022-11-01,1318143.0,1922551125,1458.5300115389605,-173.68668294159716,대전,대파
2022-12-01,1374469.0,2092317990,1522.2736853286617,-171.6325743179782,대전,대파
2023-01-01,1427365.0,2204129580,1544.1947784904353,-75.03219784454632,대전,대파
2023-02-01,1426412.0,2696565930,1890.453760904984,-239.69674993636363,대전,대파
2023-03-01,1598121.0,2715124870,1698.9482460965096,-217.5760009275729,대전,대파
2023-04-01,1340517.0,1659181930,1237.717932708052,386.2533269465014,대전,대파
2023-05-01,1451591.0,2176921770,1499.6798478359262,8.859932173397283,대전,대파
2023-06-01,1334648.0,1804786600,1352.2566249677818,117.743887480254,대전,대파
2023-07-01,1146671.0,1764007830,1538.373107892325,-76.00640633875514,대전,대파
2023-08-01,239222.0,529428850,2213.1277641688475,-695.3945539344033,대전,대파
2020-01-01,931481.0,891210180,956.7668905753312,412.7715439439412,광주,대파
2020-02-01,870570.0,694122450,797.3195148006479,572.2189197186245,광주,대파
2020-03-01,884383.0,579553380,655.3194487003934,714.218985818879,광주,대파
2020-04-01,831719.0,610273730,733.7498962991107,635.7885382201617,광주,대파
2020-05-01,725731.0,827794130,1140.6349322269546,228.90350229231785,광주,대파
2020-06-01,704524.0,946866650,1343.980687669973,25.55774684929952,광주,대파
2020-07-01,697667.0,800507160,1147.4057967483054,222.132637770967,광주,대파
2020-08-01,798235.5,1264770430,1584.4577571405932,-214.9193226213208,광주,대파
2020-09-01,989511.0,1962546520,1983.349876858368,-613.8114423390953,광주,대파
2020-10-01,709272.5,1577730430,2224.434797627146,-854.8963631078736,광주,대파
2020-11-01,724659.0,1655748720,2284.8660128419024,-915.32757832263,광주,대파
2020-12-01,840447.0,1484629250,1766.4757563534642,-396.93732183419183,광주,대파
2021-01-01,737649.0,2054593040,2785.326137499,-808.162067239638,광주,대파
2021-02-01,544171.0,2493693990,4582.555832633492,-2605.39176237413,광주,대파
2021-03-01,528553.0,1994536780,3773.579527502445,-1796.415457243083,광주,대파
2021-04-01,524546.0,1529832300,2916.48835373828,-939.3242834789176,광주,대파
2021-05-01,648341.0,1234775400,1904.5153707693944,72.64869948996784,광주,대파
2021-06-01,622935.0,641749350,1030.202749885622,946.96132037374,광주,대파
2021-07-01,546607.0,487164400,891.2516671026899,1085.9124031566723,광주,대파
2021-08-01,618902.5,765401400,1236.707558945068,740.4565113142942,광주,대파
2021-09-01,832034.0,1165353900,1400.6085087869003,576.5555614724619,광주,대파
2021-10-01,691462.0,920373350,1331.0541287879882,646.109941471374,광주,대파
2021-11-01,722718.5,1023131350,1415.6706241780169,561.4934460813454,광주,대파
2021-12-01,544518.0,641573460,1178.2410498826484,798.9230203767138,광주,대파
2022-01-01,850249.0,1073912050,1263.0559400834345,268.077611038246,광주,대파
2022-02-01,614123.0,769980700,1253.7890618003237,277.34448932135683,광주,대파
2022-03-01,839339.0,1169428450,1393.2730994270491,137.86045169463137,광주,대파
2022-04-01,718736.0,766670180,1066.6923320941207,464.4412190275598,광주,대파
2022-05-01,797927.6,1136011850,1423.7029149010511,107.43063622062937,광주,대파
2022-06-01,801139.0,1217262770,1519.4151951159536,11.718356005726946,광주,대파
2022-07-01,756172.0,1194014500,1579.0250101828683,-47.89145906118779,광주,대파
2022-08-01,787166.0,1483251150,1884.2927031909408,-353.15915206926024,광주,대파
2022-09-01,896295.0,1550574740,1729.982583859109,-198.8490327374284,광주,대파
2022-10-01,874682.0,1615589900,1847.0597314223912,-315.9261803007107,광주,대파
2022-11-01,897887.0,1462322250,1628.626152288651,-97.49260116697042,광주,대파
2022-12-01,907179.0,1475592000,1626.572043665032,-95.43849254335146,광주,대파
2023-01-01,1019589.0,1667618910,1635.5795423450038,-32.525171935085154,광주,대파
2023-02-01,919726.0,1655731300,1800.2440944368211,-197.18972402690247,광주,대파
2023-03-01,976461.0,1736268100,1778.1233454280305,-175.0689750181118,광주,대파
2023-04-01,802782.0,942702100,1174.294017553956,428.76035285596254,광주,대파
2023-05-01,867571.0,1346199000,1551.6874123270602,51.366958082858446,광주,대파
2023-06-01,862824.0,1244885450,1442.8034570202035,160.25091338971515,광주,대파
2023-07-01,764109.0,1250505450,1636.5537508392126,-33.49938042929398,광주,대파
2023-08-01,177620.0,400700400,2255.941898434861,-652.8875280249422,광주,대파
2020-01-01,14389110.3,14055905892,976.8432932229312,468.2473867168567,전국,대파
2020-02-01,13491094.8,11250455130,833.9171354722079,611.17354446758,전국,대파
2020-03-01,13818625.0,9759591923,706.263606038951,738.8270739008368,전국,대파
2020-04-01,12648813.5,10136316934,801.3650398118369,643.7256401279509,전국,대파
2020-05-01,11923255.2,14022567785,1176.0687454714548,269.02193446833303,전국,대파
2020-06-01,11521070.2,15123427673,1312.6755944078875,132.41508553190033,전국,대파
2020-07-01,11797117.599999998,14922622573,1264.938019520972,180.1526604188159,전국,대파
2020-08-01,10993803.5,21706463962,1974.42713634094,-529.3364564011522,전국,대파
2020-09-01,13193587.7,29720505924,2252.6477710077297,-807.5570910679419,전국,대파
2020-10-01,11669256.9,26763913950,2293.540555268776,-848.4498753289884,전국,대파
2020-11-01,13174665.3,29707153891,2254.8697226486656,-809.7790427088778,전국,대파
2020-12-01,14170791.0,23628200454,1667.3875476675933,-222.29686772780545,전국,대파
2021-01-01,12154872.0,35053330670,2883.891386926987,-789.668473593983,전국,대파
2021-02-01,10633521.0,46909580528,4411.481439496852,-2317.258526163848,전국,대파
2021-03-01,11534879.0,48964733592,4244.928238258936,-2150.7053249259325,전국,대파
2021-04-01,10063399.0,36174199960,3594.63039873506,-1500.4074854020564,전국,대파
2021-05-01,11521748.6,22798810020,1978.763016926093,115.45989640691027,전국,대파
2021-06-01,10961279.5,9840634830,897.7633341071177,1196.459579225886,전국,대파
2021-07-01,9823917.7,7558471630,769.394844380669,1324.828068952335,전국,대파
2021-08-01,9968404.4,11321742560,1135.7627666068604,958.4601467261434,전국,대파
2021-09-01,11260148.1,15361114145,1364.201785676336,730.0211276566679,전국,대파
2021-10-01,11946658.7,14657228400,1226.889356100882,867.3335572321218,전국,대파
2021-11-01,12474012.0,16886283436,1353.7171068939167,740.5058064390871,전국,대파
2021-12-01,9408830.5,10391237460,1104.4132913224444,989.8096220105596,전국,대파
2022-01-01,14658810.7,17341861360,1183.0333111539533,235.8372515905956,전국,대파
2022-02-01,11168417.4,12864852070,1151.895708160048,266.9748545845009,전국,대파
2022-03-01,14431587.0,19203695590,1330.671089049319,88.1994736952297,전국,대파
2022-04-01,12789181.6,12619659430,986.7448774048216,432.1256853397272,전국,대파
2022-05-01,12180948.3,15648278770,1284.651932230925,134.2186305136238,전국,대파
2022-06-01,12107661.2,16835906690,1390.5168316074123,28.35373113713649,전국,대파
2022-07-01,11866272.1,18387259670,1549.5396966331157,-130.66913388856688,전국,대파
2022-08-01,13047536.840000002,22215642640,1702.669470293674,-283.79890754912526,전국,대파
2022-09-01,12966041.999999998,21741449620,1676.7992591725372,-257.9286964279884,전국,대파
2022-10-01,13368122.6,21752426640,1627.186351507578,-208.3157887630291,전국,대파
2022-11-01,13670581.19,20571548035,1504.8042032073986,-85.93364046284978,전국,대파
2022-12-01,14536376.4,23284316290,1601.7964621499482,-182.92589940539932,전국,대파
2023-01-01,14178892.9,20594622690,1452.484537068476,54.20359402505892,전국,대파
2023-02-01,14172396.7,23912941920,1687.2899077119398,-180.60177661840493,전국,대파
2023-03-01,16338155.4,26985357980,1651.6771519996682,-144.98902090613342,전국,대파
2023-04-01,13639515.7,15459874420,1133.462122852353,373.2260082411817,전국,대파
2023-05-01,13309285.0,21356533250,1604.6341520224414,-97.9460209289066,전국,대파
2023-06-01,12489181.97,17305210870,1385.616040471544,121.0720906219908,전국,대파
2023-07-01,11657546.83,18033825320,1546.9657195449586,-40.27758845142375,전국,대파
2023-08-01,2879698.9,5008525920,1739.2533365207037,-232.56520542716885,전국,대파
